"chr1"	10460485	"PGD"	"rs1049887"	"T"	"C"	"T"	"C"	"1|0"
"chr1"	10473196	"PGD"	"rs2229687"	"C"	"T"	"C"	"T"	"1|0"
"chr1"	11728894	"FBXO6"	"rs3125818"	"G"	"A"	"G"	"A"	"1|0"
"chr1"	11734049	"FBXO6"	"rs1063301"	"C"	"G"	"C"	"G"	"1|0"
"chr1"	11734084	"FBXO6"	"rs28924117"	"G"	"A"	"G"	"A"	"1|0"
"chr1"	11734293	"FBXO6"	"rs1140272"	"A"	"G"	"A"	"G"	"1|0"
"chr1"	19584004	"MRTO4"	"rs1042380"	"G"	"A"	"G"	"A"	"1|0"
"chr1"	19585207	"MRTO4"	"rs2294939"	"G"	"A"	"G"	"A"	"1|0"
"chr1"	19585545	"MRTO4"	"rs761305"	"G"	"A"	"G"	"A"	"1|0"
"chr1"	26496455	"ZNF593"	"rs2232648"	"C"	"T"	"T"	"C"	"0|1"
"chr1"	26496651	"ZNF593"	"rs7087"	"T"	"C"	"T"	"C"	"1|0"
"chr1"	26646726	"CD52"	"rs1071849"	"A"	"G"	"A"	"G"	"1|0"
"chr1"	26646730	"CD52"	"rs17645"	"A"	"G"	"A"	"G"	"1|0"
"chr1"	26797508	"DHDDS"	"rs2290588"	"C"	"T"	"T"	"C"	"0|1"
"chr1"	26797654	"DHDDS"	"rs1055323"	"C"	"T"	"C"	"T"	"1|0"
"chr1"	28564252	"ATPIF1"	"rs8559"	"A"	"G"	"A"	"G"	"1|0"
"chr1"	28564279	"ATPIF1"	"rs9508"	"A"	"G"	"A"	"G"	"1|0"
"chr1"	31205796	"LAPTM5"	"rs8048"	"T"	"C"	"T"	"C"	"1|0"
"chr1"	31215364	"LAPTM5"	"rs1050663"	"T"	"C"	"T"	"C"	"1|0"
"chr1"	32697063	"EIF3I"	"rs1137921"	"T"	"C"	"T"	"C"	"1|0"
"chr1"	32697071	"EIF3I"	"rs1137947"	"C"	"A"	"C"	"A"	"1|0"
"chr1"	38174366	"CDCA8"	"rs7526362"	"G"	"T"	"G"	"T"	"1|0"
"chr1"	38174375	"CDCA8"	"rs559707"	"G"	"A"	"A"	"G"	"0|1"
"chr1"	38174665	"CDCA8"	"rs3748680"	"G"	"A"	"A"	"G"	"0|1"
"chr1"	40218695	"PPIE"	"rs72665281"	"G"	"A"	"A"	"G"	"0|1"
"chr1"	40219065	"PPIE"	"rs1046988"	"C"	"T"	"C"	"T"	"1|0"
"chr1"	40219280	"PPIE"	"rs14528"	"T"	"C"	"T"	"C"	"1|0"
"chr1"	43632536	"EBNA1BP2"	"rs7163"	"C"	"T"	"C"	"T"	"1|0"
"chr1"	43636484	"EBNA1BP2"	"rs1049276"	"C"	"G"	"C"	"G"	"1|0"
"chr1"	45205598	"KIF2C"	"rs3820586"	"T"	"C"	"T"	"C"	"1|0"
"chr1"	45224998	"KIF2C"	"rs4342887"	"A"	"C"	"A"	"C"	"1|0"
"chr1"	45226084	"KIF2C"	"rs1140279"	"G"	"A"	"G"	"A"	"1|0"
"chr1"	51820588	"EPS15"	"rs41292517"	"G"	"A"	"G"	"A"	"1|0"
"chr1"	51820990	"EPS15"	"rs7308"	"T"	"G"	"T"	"G"	"1|0"
"chr1"	51826921	"EPS15"	"rs17567"	"T"	"C"	"T"	"C"	"1|0"
"chr1"	53679878	"C1orf123"	"rs1056438"	"T"	"C"	"T"	"C"	"1|0"
"chr1"	53680090	"C1orf123"	"rs1056425"	"G"	"A"	"G"	"A"	"1|0"
"chr1"	53681699	"C1orf123"	"rs1134688"	"T"	"G"	"G"	"T"	"0|1"
"chr1"	58971831	"OMA1"	"rs3087585"	"G"	"A"	"G"	"A"	"1|0"
"chr1"	58999712	"OMA1"	"rs34851388"	"G"	"A"	"G"	"A"	"1|0"
"chr1"	59120579	"MYSM1"	"rs15307"	"G"	"A"	"G"	"A"	"1|0"
"chr1"	59120650	"MYSM1"	"rs232857"	"C"	"T"	"C"	"T"	"1|0"
"chr1"	62677554	"L1TD1"	"rs41305850"	"G"	"C"	"G"	"C"	"1|0"
"chr1"	62677562	"L1TD1"	"rs41296165"	"A"	"G"	"A"	"G"	"1|0"
"chr1"	62677568	"L1TD1"	"rs12137570"	"C"	"T"	"C"	"T"	"1|0"
"chr1"	62677588	"L1TD1"	"rs41312736"	"G"	"C"	"G"	"C"	"1|0"
"chr1"	67451602	"MIER1"	"rs1137656"	"A"	"C"	"A"	"C"	"1|0"
"chr1"	67451922	"MIER1"	"rs12117131"	"C"	"T"	"C"	"T"	"1|0"
"chr1"	67451924	"MIER1"	"rs12132068"	"G"	"T"	"G"	"T"	"1|0"
"chr1"	74670172	"FPGT"	"rs12046751"	"A"	"G"	"A"	"G"	"1|0"
"chr1"	74671074	"FPGT"	"rs55882158"	"C"	"T"	"C"	"T"	"1|0"
"chr1"	75171751	"CRYZ"	"rs17459"	"T"	"C"	"T"	"C"	"1|0"
"chr1"	75172652	"CRYZ"	"rs17552114"	"T"	"C"	"T"	"C"	"1|0"
"chr1"	75190452	"CRYZ"	"rs1051122"	"C"	"T"	"C"	"T"	"1|0"
"chr1"	75198740	"CRYZ"	"rs2345436"	"A"	"C"	"A"	"C"	"1|0"
"chr1"	76227022	"ACADM"	"rs1061337"	"A"	"G"	"A"	"G"	"1|0"
"chr1"	76229120	"ACADM"	"rs8763"	"T"	"C"	"T"	"C"	"1|0"
"chr1"	79093818	"IFI44L"	"rs273259"	"A"	"G"	"A"	"G"	"1|0"
"chr1"	79107140	"IFI44L"	"rs35466823"	"G"	"T"	"T"	"G"	"0|1"
"chr1"	85462582	"MCOLN2"	"rs11161503"	"C"	"G"	"C"	"G"	"1|0"
"chr1"	85462652	"MCOLN2"	"rs11161504"	"G"	"T"	"G"	"T"	"1|0"
"chr1"	85462665	"MCOLN2"	"rs11161505"	"T"	"G"	"T"	"G"	"1|0"
"chr1"	87328525	"SEP15"	"rs5859"	"C"	"T"	"C"	"T"	"1|0"
"chr1"	87328839	"SEP15"	"rs5845"	"G"	"A"	"G"	"A"	"1|0"
"chr1"	111415841	"CD53"	"rs1494324"	"G"	"A"	"G"	"A"	"1|0"
"chr1"	111441829	"CD53"	"rs1803259"	"C"	"T"	"C"	"T"	"1|0"
"chr1"	111783982	"CHI3L2"	"rs13721"	"C"	"T"	"C"	"T"	"1|0"
"chr1"	111786012	"CHI3L2"	"rs1056831"	"T"	"A"	"T"	"A"	"1|0"
"chr1"	117617705	"TTF2"	"rs998532"	"A"	"G"	"A"	"G"	"1|0"
"chr1"	117644058	"TTF2"	"rs41276572"	"A"	"G"	"A"	"G"	"1|0"
"chr1"	150727539	"CTSS"	"rs2230061"	"G"	"A"	"A"	"G"	"0|1"
"chr1"	150738197	"CTSS"	"rs1136774"	"C"	"T"	"C"	"T"	"1|0"
"chr1"	150738200	"CTSS"	"rs3754212"	"A"	"G"	"G"	"A"	"0|1"
"chr1"	154555733	"ADAR"	"rs9616"	"A"	"T"	"A"	"T"	"1|0"
"chr1"	154556425	"ADAR"	"rs1127313"	"G"	"A"	"G"	"A"	"1|0"
"chr1"	154556663	"ADAR"	"rs1127311"	"G"	"A"	"G"	"A"	"1|0"
"chr1"	159002377	"IFI16"	"rs1057027"	"C"	"A"	"A"	"C"	"0|1"
"chr1"	159002389	"IFI16"	"rs1057028"	"T"	"A"	"A"	"T"	"0|1"
"chr1"	159021506	"IFI16"	"rs62621173"	"C"	"T"	"C"	"T"	"1|0"
"chr1"	161681780	"FCRLA"	"rs2275603"	"A"	"G"	"A"	"G"	"1|0"
"chr1"	161683136	"FCRLA"	"rs11746"	"G"	"A"	"A"	"G"	"0|1"
"chr1"	165631506	"ALDH9A1"	"rs11506"	"A"	"G"	"G"	"A"	"0|1"
"chr1"	165652273	"ALDH9A1"	"rs1143659"	"A"	"G"	"A"	"G"	"1|0"
"chr1"	167758651	"MPZL1"	"rs10125"	"C"	"T"	"C"	"T"	"1|0"
"chr1"	167758901	"MPZL1"	"rs3088322"	"A"	"G"	"A"	"G"	"1|0"
"chr1"	167759281	"MPZL1"	"rs7605"	"T"	"C"	"T"	"C"	"1|0"
"chr1"	167759573	"MPZL1"	"rs14212"	"T"	"C"	"T"	"C"	"1|0"
"chr1"	179810201	"TOR1AIP2"	"rs12119431"	"A"	"G"	"A"	"G"	"1|0"
"chr1"	179811138	"TOR1AIP2"	"rs7545581"	"C"	"T"	"C"	"T"	"1|0"
"chr1"	179811936	"TOR1AIP2"	"rs6659939"	"T"	"C"	"T"	"C"	"1|0"
"chr1"	179831963	"TOR1AIP2"	"rs12126625"	"T"	"C"	"T"	"C"	"1|0"
"chr1"	200521131	"KIF14"	"rs10737572"	"T"	"C"	"T"	"C"	"1|0"
"chr1"	200521412	"KIF14"	"rs12060793"	"G"	"A"	"G"	"A"	"1|0"
"chr1"	200522269	"KIF14"	"rs6667775"	"G"	"A"	"G"	"A"	"1|0"
"chr1"	201934578	"TIMM17A"	"rs4648"	"G"	"A"	"G"	"A"	"1|0"
"chr1"	201938995	"TIMM17A"	"rs7513"	"C"	"T"	"T"	"C"	"0|1"
"chr1"	204392257	"PIK3C2B"	"rs4951373"	"G"	"A"	"G"	"A"	"1|0"
"chr1"	204392442	"PIK3C2B"	"rs4951374"	"G"	"A"	"G"	"A"	"1|0"
"chr1"	212277107	"DTL"	"rs1387815"	"T"	"G"	"T"	"G"	"1|0"
"chr1"	212277304	"DTL"	"rs1387814"	"C"	"G"	"C"	"G"	"1|0"
"chr1"	214830592	"CENPF"	"rs72759668"	"A"	"G"	"G"	"A"	"0|1"
"chr1"	214830617	"CENPF"	"rs438034"	"A"	"G"	"A"	"G"	"1|0"
"chr1"	214837110	"CENPF"	"rs7289"	"C"	"G"	"C"	"G"	"1|0"
"chr1"	224380234	"DEGS1"	"rs908804"	"A"	"G"	"A"	"G"	"1|0"
"chr1"	224380478	"DEGS1"	"rs1060386"	"A"	"G"	"A"	"G"	"1|0"
"chr1"	224380549	"DEGS1"	"rs1810346"	"A"	"G"	"A"	"G"	"1|0"
"chr1"	224380921	"DEGS1"	"rs1060394"	"A"	"T"	"T"	"A"	"0|1"
"chr1"	234740880	"IRF2BP2"	"rs1329125"	"C"	"T"	"C"	"T"	"1|0"
"chr1"	234740975	"IRF2BP2"	"rs72749964"	"G"	"A"	"G"	"A"	"1|0"
"chr1"	235324298	"RBM34"	"rs2295815"	"T"	"C"	"T"	"C"	"1|0"
"chr1"	235324545	"RBM34"	"rs66929873"	"T"	"A"	"T"	"A"	"1|0"
"chr1"	242035438	"EXO1"	"rs4149965"	"G"	"A"	"G"	"A"	"1|0"
"chr1"	242048674	"EXO1"	"rs9350"	"C"	"T"	"C"	"T"	"1|0"
"chr2"	20448521	"PUM2"	"rs6669"	"C"	"T"	"T"	"C"	"0|1"
"chr2"	20448561	"PUM2"	"rs1043419"	"A"	"G"	"A"	"G"	"1|0"
"chr2"	29170623	"WDR43"	"rs11680458"	"G"	"T"	"G"	"T"	"1|0"
"chr2"	29170676	"WDR43"	"rs1131880"	"G"	"C"	"G"	"C"	"1|0"
"chr2"	42578143	"COX7A2L"	"rs3088290"	"A"	"G"	"A"	"G"	"1|0"
"chr2"	42578149	"COX7A2L"	"rs8162"	"A"	"G"	"A"	"G"	"1|0"
"chr2"	61167761	"PUS10"	"rs1053862"	"A"	"G"	"A"	"G"	"1|0"
"chr2"	61168000	"PUS10"	"rs1206"	"G"	"T"	"G"	"T"	"1|0"
"chr2"	65496729	"ACTR2"	"rs10116"	"G"	"A"	"G"	"A"	"1|0"
"chr2"	65497571	"ACTR2"	"rs268878"	"C"	"A"	"C"	"A"	"1|0"
"chr2"	65497682	"ACTR2"	"rs13812"	"A"	"G"	"A"	"G"	"1|0"
"chr2"	68385097	"PNO1"	"rs2044693"	"A"	"G"	"A"	"G"	"1|0"
"chr2"	68402012	"PNO1"	"rs1060842"	"G"	"T"	"G"	"T"	"1|0"
"chr2"	68402360	"PNO1"	"rs13003580"	"A"	"G"	"A"	"G"	"1|0"
"chr2"	68402652	"PNO1"	"rs13004407"	"C"	"T"	"C"	"T"	"1|0"
"chr2"	68607947	"PLEK"	"rs3816281"	"G"	"T"	"T"	"G"	"0|1"
"chr2"	68613710	"PLEK"	"rs2070171"	"G"	"A"	"G"	"A"	"1|0"
"chr2"	68623302	"PLEK"	"rs6742200"	"A"	"G"	"A"	"G"	"1|0"
"chr2"	68623915	"PLEK"	"rs3732044"	"T"	"C"	"T"	"C"	"1|0"
"chr2"	68624260	"PLEK"	"rs8761"	"G"	"A"	"G"	"A"	"1|0"
"chr2"	69547236	"GFPT1"	"rs7642"	"G"	"C"	"G"	"C"	"1|0"
"chr2"	69549262	"GFPT1"	"rs13751"	"T"	"C"	"T"	"C"	"1|0"
"chr2"	69551011	"GFPT1"	"rs10198150"	"T"	"C"	"C"	"T"	"0|1"
"chr2"	69551052	"GFPT1"	"rs10198171"	"T"	"C"	"C"	"T"	"0|1"
"chr2"	69552521	"GFPT1"	"rs2667"	"C"	"A"	"A"	"C"	"0|1"
"chr2"	70131584	"SNRNP27"	"rs1048130"	"G"	"A"	"G"	"A"	"1|0"
"chr2"	70131791	"SNRNP27"	"rs1048139"	"T"	"A"	"A"	"T"	"0|1"
"chr2"	75185856	"POLE4"	"rs12366"	"G"	"T"	"G"	"T"	"1|0"
"chr2"	75196731	"POLE4"	"rs7881"	"A"	"G"	"G"	"A"	"0|1"
"chr2"	75882399	"MRPL19"	"rs17689863"	"G"	"A"	"G"	"A"	"1|0"
"chr2"	75882656	"MRPL19"	"rs1049678"	"G"	"A"	"A"	"G"	"0|1"
"chr2"	85549527	"TGOLN2"	"rs3184781"	"T"	"C"	"T"	"C"	"1|0"
"chr2"	85549547	"TGOLN2"	"rs3184780"	"C"	"T"	"C"	"T"	"1|0"
"chr2"	85553784	"TGOLN2"	"rs1044973"	"C"	"T"	"C"	"T"	"1|0"
"chr2"	85806266	"VAMP8"	"rs3731828"	"C"	"T"	"C"	"T"	"1|0"
"chr2"	85808737	"VAMP8"	"rs1009"	"A"	"G"	"A"	"G"	"1|0"
"chr2"	85808871	"VAMP8"	"rs1058588"	"C"	"T"	"C"	"T"	"1|0"
"chr2"	86732524	"CHMP3"	"rs3201448"	"C"	"T"	"C"	"T"	"1|0"
"chr2"	86732576	"CHMP3"	"rs3731812"	"A"	"G"	"A"	"G"	"1|0"
"chr2"	118583100	"DDX18"	"rs1052639"	"G"	"A"	"A"	"G"	"0|1"
"chr2"	118588622	"DDX18"	"rs15975"	"C"	"T"	"C"	"T"	"1|0"
"chr2"	118588713	"DDX18"	"rs10094"	"C"	"T"	"C"	"T"	"1|0"
"chr2"	150426362	"MMADHC"	"rs6923"	"T"	"C"	"T"	"C"	"1|0"
"chr2"	150432976	"MMADHC"	"rs11545261"	"C"	"T"	"C"	"T"	"1|0"
"chr2"	152127011	"NMI"	"rs11730"	"A"	"G"	"A"	"G"	"1|0"
"chr2"	152132130	"NMI"	"rs289834"	"A"	"G"	"G"	"A"	"0|1"
"chr2"	152139416	"NMI"	"rs1048135"	"G"	"A"	"G"	"A"	"1|0"
"chr2"	159719031	"DAPL1"	"rs34995873"	"A"	"G"	"A"	"G"	"1|0"
"chr2"	159719127	"DAPL1"	"rs145953089"	"T"	"C"	"T"	"C"	"1|0"
"chr2"	170403030	"FASTKD1"	"rs2253680"	"T"	"C"	"T"	"C"	"1|0"
"chr2"	170411693	"FASTKD1"	"rs2683455"	"T"	"C"	"T"	"C"	"1|0"
"chr2"	170493103	"PPIG"	"rs1050354"	"T"	"A"	"T"	"A"	"1|0"
"chr2"	170493863	"PPIG"	"rs8207"	"A"	"G"	"A"	"G"	"1|0"
"chr2"	180810180	"CWC22"	"rs6433817"	"C"	"T"	"T"	"C"	"0|1"
"chr2"	180810202	"CWC22"	"rs1046356"	"C"	"T"	"C"	"T"	"1|0"
"chr2"	182374534	"ITGA4"	"rs1143674"	"A"	"G"	"A"	"G"	"1|0"
"chr2"	182399097	"ITGA4"	"rs7562325"	"T"	"C"	"T"	"C"	"1|0"
"chr2"	182401116	"ITGA4"	"rs10490691"	"C"	"T"	"T"	"C"	"0|1"
"chr2"	182401752	"CERKL"	"rs1047307"	"G"	"A"	"G"	"A"	"1|0"
"chr2"	182401957	"CERKL"	"rs11553356"	"G"	"T"	"T"	"G"	"0|1"
"chr2"	190526205	"ASNSD1"	"rs2289226"	"C"	"T"	"C"	"T"	"1|0"
"chr2"	190526224	"ASNSD1"	"rs1132360"	"C"	"T"	"C"	"T"	"1|0"
"chr2"	196998971	"STK17B"	"rs72919164"	"C"	"T"	"C"	"T"	"1|0"
"chr2"	196999139	"STK17B"	"rs6745041"	"C"	"T"	"C"	"T"	"1|0"
"chr2"	196999237	"STK17B"	"rs6760432"	"T"	"C"	"T"	"C"	"1|0"
"chr2"	196999310	"STK17B"	"rs6760556"	"T"	"A"	"T"	"A"	"1|0"
"chr2"	196999649	"STK17B"	"rs12467988"	"C"	"T"	"C"	"T"	"1|0"
"chr2"	197000455	"STK17B"	"rs7559080"	"T"	"C"	"T"	"C"	"1|0"
"chr2"	198257795	"SF3B1"	"rs4685"	"T"	"C"	"T"	"C"	"1|0"
"chr2"	198265526	"SF3B1"	"rs788018"	"A"	"G"	"A"	"G"	"1|0"
"chr2"	198283305	"SF3B1"	"rs788023"	"T"	"C"	"T"	"C"	"1|0"
"chr2"	213866353	"IKZF2"	"rs12996008"	"A"	"G"	"A"	"G"	"1|0"
"chr2"	213870875	"IKZF2"	"rs12622131"	"T"	"C"	"C"	"T"	"0|1"
"chr2"	213870894	"IKZF2"	"rs7593379"	"C"	"T"	"T"	"C"	"0|1"
"chr2"	213871709	"IKZF2"	"rs3768792"	"G"	"A"	"A"	"G"	"0|1"
"chr2"	216903257	"PECR"	"rs11550419"	"A"	"C"	"A"	"C"	"1|0"
"chr2"	216903290	"PECR"	"rs10171203"	"G"	"A"	"G"	"A"	"1|0"
"chr2"	231036860	"SP110"	"rs3948463"	"C"	"T"	"C"	"T"	"1|0"
"chr2"	231036866	"SP110"	"rs13018234"	"G"	"A"	"A"	"G"	"0|1"
"chr2"	231037616	"SP110"	"rs35495464"	"A"	"G"	"A"	"G"	"1|0"
"chr2"	231050715	"SP110"	"rs3948464"	"A"	"G"	"A"	"G"	"1|0"
"chr2"	231072709	"SP110"	"rs1365776"	"C"	"T"	"C"	"T"	"1|0"
"chr2"	231077110	"SP110"	"rs9061"	"C"	"T"	"C"	"T"	"1|0"
"chr2"	231077676	"SP110"	"rs11556887"	"G"	"A"	"G"	"A"	"1|0"
"chr2"	231077725	"SP110"	"rs1129411"	"A"	"G"	"A"	"G"	"1|0"
"chr2"	231331896	"SP100"	"rs1050224"	"G"	"A"	"G"	"A"	"1|0"
"chr2"	231333763	"SP100"	"rs12724"	"A"	"G"	"A"	"G"	"1|0"
"chr2"	231335094	"SP100"	"rs72983756"	"C"	"A"	"A"	"C"	"0|1"
"chr2"	231335159	"SP100"	"rs7878"	"A"	"G"	"A"	"G"	"1|0"
"chr2"	232265752	"B3GNT7"	"rs1133907"	"C"	"T"	"C"	"T"	"1|0"
"chr2"	232265795	"B3GNT7"	"rs1133924"	"A"	"G"	"A"	"G"	"1|0"
"chr2"	239142667	"LOC643387"	"rs56269782"	"T"	"C"	"T"	"C"	"1|0"
"chr2"	239142932	"LOC643387"	"rs148797104"	"A"	"G"	"A"	"G"	"1|0"
"chr2"	242168976	"HDLBP"	"rs15129"	"T"	"C"	"T"	"C"	"1|0"
"chr2"	242206311	"HDLBP"	"rs79913511"	"C"	"T"	"T"	"C"	"0|1"
"chr2"	242255378	"SEPT2"	"rs1134941"	"G"	"A"	"G"	"A"	"1|0"
"chr2"	242291743	"SEPT2"	"rs7568"	"A"	"G"	"G"	"A"	"0|1"
"chr2"	242292129	"SEPT2"	"rs73002132"	"A"	"G"	"G"	"A"	"0|1"
"chr2"	242292307	"SEPT2"	"rs1056801"	"T"	"C"	"T"	"C"	"1|0"
"chr2"	242293021	"SEPT2"	"rs6672"	"A"	"G"	"G"	"A"	"0|1"
"chr3"	3189279	"TRNT1"	"rs1705805"	"A"	"G"	"G"	"A"	"0|1"
"chr3"	3190240	"TRNT1"	"rs12107469"	"T"	"C"	"T"	"C"	"1|0"
"chr3"	10143274	"FANCD2"	"rs58275763"	"C"	"T"	"C"	"T"	"1|0"
"chr3"	10143328	"FANCD2"	"rs59318799"	"A"	"T"	"A"	"T"	"1|0"
"chr3"	10157368	"BRK1"	"rs7645759"	"C"	"T"	"C"	"T"	"1|0"
"chr3"	10168647	"BRK1"	"rs6785976"	"T"	"C"	"T"	"C"	"1|0"
"chr3"	10168785	"BRK1"	"rs6442154"	"T"	"C"	"T"	"C"	"1|0"
"chr3"	10168802	"BRK1"	"rs6797536"	"A"	"G"	"A"	"G"	"1|0"
"chr3"	11871215	"TAMM41"	"rs11551661"	"T"	"C"	"C"	"T"	"0|1"
"chr3"	11880760	"TAMM41"	"rs7641243"	"T"	"C"	"T"	"C"	"1|0"
"chr3"	11887991	"TAMM41"	"rs408600"	"C"	"G"	"C"	"G"	"1|0"
"chr3"	14184669	"TMEM43"	"rs8516"	"T"	"C"	"T"	"C"	"1|0"
"chr3"	14184719	"TMEM43"	"rs10468"	"T"	"C"	"T"	"C"	"1|0"
"chr3"	14186823	"XPC"	"rs2470458"	"T"	"C"	"T"	"C"	"1|0"
"chr3"	14186830	"XPC"	"rs2470352"	"A"	"T"	"A"	"T"	"1|0"
"chr3"	16300335	"DPH3"	"rs842253"	"T"	"C"	"C"	"T"	"0|1"
"chr3"	16300625	"DPH3"	"rs842254"	"T"	"C"	"T"	"C"	"1|0"
"chr3"	16301148	"DPH3"	"rs10087"	"T"	"C"	"C"	"T"	"0|1"
"chr3"	16301791	"DPH3"	"rs2292614"	"G"	"A"	"G"	"A"	"1|0"
"chr3"	16301959	"DPH3"	"rs552"	"G"	"A"	"G"	"A"	"1|0"
"chr3"	16305674	"DPH3"	"rs14080"	"C"	"G"	"G"	"C"	"0|1"
"chr3"	39438442	"SLC25A38"	"rs73058292"	"G"	"A"	"G"	"A"	"1|0"
"chr3"	39438599	"SLC25A38"	"rs6890"	"T"	"A"	"T"	"A"	"1|0"
"chr3"	40351277	"EIF1B"	"rs11541150"	"C"	"T"	"C"	"T"	"1|0"
"chr3"	40351311	"EIF1B"	"rs56308552"	"A"	"C"	"A"	"C"	"1|0"
"chr3"	58413405	"PDHB"	"rs1126737"	"T"	"C"	"C"	"T"	"0|1"
"chr3"	58413408	"PDHB"	"rs1126735"	"A"	"G"	"A"	"G"	"1|0"
"chr3"	58413518	"PDHB"	"rs1126722"	"T"	"G"	"T"	"G"	"1|0"
"chr3"	58413662	"PDHB"	"rs7230"	"G"	"A"	"A"	"G"	"0|1"
"chr3"	58413669	"PDHB"	"rs4228"	"G"	"T"	"G"	"T"	"1|0"
"chr3"	58416535	"PDHB"	"rs1126551"	"C"	"T"	"C"	"T"	"1|0"
"chr3"	66287056	"SLC25A26"	"rs146159281"	"G"	"A"	"G"	"A"	"1|0"
"chr3"	66428282	"SLC25A26"	"rs1046844"	"C"	"T"	"C"	"T"	"1|0"
"chr3"	66428450	"SLC25A26"	"rs1046867"	"G"	"A"	"G"	"A"	"1|0"
"chr3"	88101530	"CGGBP1"	"rs1051436"	"T"	"C"	"T"	"C"	"1|0"
"chr3"	88101551	"CGGBP1"	"rs1063603"	"G"	"A"	"G"	"A"	"1|0"
"chr3"	100467018	"TFG"	"rs11353"	"T"	"C"	"T"	"C"	"1|0"
"chr3"	100467673	"TFG"	"rs1059503"	"G"	"A"	"G"	"A"	"1|0"
"chr3"	100467676	"TFG"	"rs7297"	"A"	"T"	"A"	"T"	"1|0"
"chr3"	122103120	"FAM162A"	"rs115407410"	"G"	"A"	"G"	"A"	"1|0"
"chr3"	122128757	"FAM162A"	"rs16833120"	"T"	"C"	"T"	"C"	"1|0"
"chr3"	128614185	"ACAD9"	"rs1680778"	"A"	"C"	"A"	"C"	"1|0"
"chr3"	128627933	"ACAD9"	"rs876755"	"C"	"T"	"C"	"T"	"1|0"
"chr3"	148727133	"GYG1"	"rs4938"	"G"	"A"	"G"	"A"	"1|0"
"chr3"	148745236	"GYG1"	"rs3347"	"A"	"G"	"A"	"G"	"1|0"
"chr3"	156259279	"SSR3"	"rs1129109"	"C"	"T"	"C"	"T"	"1|0"
"chr3"	156259348	"SSR3"	"rs1129094"	"G"	"A"	"G"	"A"	"1|0"
"chr3"	156259485	"SSR3"	"rs8665"	"G"	"A"	"G"	"A"	"1|0"
"chr3"	156260245	"SSR3"	"rs1510277"	"G"	"A"	"G"	"A"	"1|0"
"chr3"	160152076	"SMC4"	"rs3773371"	"T"	"C"	"T"	"C"	"1|0"
"chr3"	160152299	"SMC4"	"rs13403"	"C"	"A"	"C"	"A"	"1|0"
"chr3"	160153305	"TRIM59"	"rs7629"	"A"	"G"	"A"	"G"	"1|0"
"chr3"	160154046	"TRIM59"	"rs62272247"	"G"	"A"	"G"	"A"	"1|0"
"chr3"	178739594	"ZMAT3"	"rs1542"	"C"	"G"	"C"	"G"	"1|0"
"chr3"	178741584	"ZMAT3"	"rs28403542"	"C"	"T"	"C"	"T"	"1|0"
"chr3"	183899832	"AP2M1"	"rs8478"	"C"	"T"	"C"	"T"	"1|0"
"chr3"	183901281	"AP2M1"	"rs2231224"	"G"	"A"	"G"	"A"	"1|0"
"chr3"	183976108	"ECE2"	"rs902415"	"T"	"C"	"T"	"C"	"1|0"
"chr3"	183976241	"ECE2"	"rs6767237"	"A"	"G"	"A"	"G"	"1|0"
"chr3"	191075902	"CCDC50"	"rs11542549"	"C"	"T"	"C"	"T"	"1|0"
"chr3"	191100561	"CCDC50"	"rs364519"	"C"	"A"	"C"	"A"	"1|0"
"chr3"	196461402	"PIGX"	"rs3850646"	"A"	"C"	"A"	"C"	"1|0"
"chr3"	196461474	"PIGX"	"rs1047113"	"A"	"C"	"A"	"C"	"1|0"
"chr3"	196662696	"NCBP2"	"rs6733"	"T"	"G"	"T"	"G"	"1|0"
"chr3"	196663321	"NCBP2"	"rs480668"	"G"	"T"	"G"	"T"	"1|0"
"chr4"	1981229	"WHSC1"	"rs73202837"	"G"	"T"	"G"	"T"	"1|0"
"chr4"	1981256	"WHSC1"	"rs1132849"	"T"	"G"	"T"	"G"	"1|0"
"chr4"	4237565	"TMEM128"	"rs1044716"	"C"	"T"	"C"	"T"	"1|0"
"chr4"	4237600	"TMEM128"	"rs73082020"	"C"	"T"	"C"	"T"	"1|0"
"chr4"	4237691	"TMEM128"	"rs2294108"	"T"	"A"	"T"	"A"	"1|0"
"chr4"	4291825	"LYAR"	"rs1048899"	"C"	"T"	"C"	"T"	"1|0"
"chr4"	4291832	"LYAR"	"rs1048898"	"A"	"T"	"A"	"T"	"1|0"
"chr4"	10076658	"WDR1"	"rs9732"	"T"	"C"	"T"	"C"	"1|0"
"chr4"	10076860	"WDR1"	"rs9926"	"G"	"A"	"G"	"A"	"1|0"
"chr4"	25278988	"PI4K2B"	"rs3796780"	"T"	"C"	"T"	"C"	"1|0"
"chr4"	25279508	"PI4K2B"	"rs11544126"	"G"	"A"	"G"	"A"	"1|0"
"chr4"	37836302	"PGM2"	"rs3752683"	"T"	"C"	"T"	"C"	"1|0"
"chr4"	37857342	"PGM2"	"rs11554509"	"G"	"C"	"G"	"C"	"1|0"
"chr4"	37863385	"PGM2"	"rs10569"	"C"	"T"	"C"	"T"	"1|0"
"chr4"	38773865	"TLR10"	"rs4504265"	"G"	"T"	"G"	"T"	"1|0"
"chr4"	38774152	"TLR10"	"rs12499454"	"G"	"T"	"T"	"G"	"0|1"
"chr4"	38774180	"TLR10"	"rs66735315"	"G"	"T"	"G"	"T"	"1|0"
"chr4"	38774194	"TLR10"	"rs12512137"	"T"	"C"	"C"	"T"	"0|1"
"chr4"	38774337	"TLR10"	"rs111437368"	"G"	"A"	"G"	"A"	"1|0"
"chr4"	38774389	"TLR10"	"rs11466663"	"G"	"A"	"A"	"G"	"0|1"
"chr4"	38774489	"TLR10"	"rs9715769"	"A"	"C"	"A"	"C"	"1|0"
"chr4"	38774503	"TLR10"	"rs9715841"	"T"	"C"	"T"	"C"	"1|0"
"chr4"	38774785	"TLR10"	"rs10776482"	"A"	"G"	"A"	"G"	"1|0"
"chr4"	38774889	"TLR10"	"rs4129009"	"T"	"C"	"T"	"C"	"1|0"
"chr4"	38969034	"TMEM156"	"rs73236682"	"T"	"C"	"C"	"T"	"0|1"
"chr4"	39000305	"TMEM156"	"rs11542133"	"A"	"G"	"A"	"G"	"1|0"
"chr4"	57259856	"PPAT"	"rs3796548"	"C"	"T"	"C"	"T"	"1|0"
"chr4"	57260298	"PPAT"	"rs1042040"	"C"	"G"	"G"	"C"	"0|1"
"chr4"	57326406	"PAICS"	"rs17051687"	"G"	"A"	"G"	"A"	"1|0"
"chr4"	57327405	"PAICS"	"rs6584"	"T"	"C"	"T"	"C"	"1|0"
"chr4"	57333822	"SRP72"	"rs12513091"	"G"	"T"	"G"	"T"	"1|0"
"chr4"	57368759	"SRP72"	"rs14211"	"A"	"G"	"A"	"G"	"1|0"
"chr4"	57368807	"SRP72"	"rs10518"	"C"	"T"	"C"	"T"	"1|0"
"chr4"	95585748	"PDLIM5"	"rs1802345"	"C"	"T"	"C"	"T"	"1|0"
"chr4"	95586405	"PDLIM5"	"rs1134984"	"C"	"G"	"C"	"G"	"1|0"
"chr4"	100738035	"DAPP1"	"rs715239"	"G"	"T"	"G"	"T"	"1|0"
"chr4"	100784980	"DAPP1"	"rs3737484"	"C"	"T"	"C"	"T"	"1|0"
"chr4"	100790328	"DAPP1"	"rs6532834"	"G"	"A"	"A"	"G"	"0|1"
"chr4"	113198805	"TIFA"	"rs701758"	"G"	"C"	"G"	"C"	"1|0"
"chr4"	113199075	"TIFA"	"rs701759"	"A"	"G"	"A"	"G"	"1|0"
"chr4"	122744942	"CCNA2"	"rs769238"	"G"	"A"	"G"	"A"	"1|0"
"chr4"	122744979	"CCNA2"	"rs769237"	"G"	"A"	"G"	"A"	"1|0"
"chr4"	122745038	"CCNA2"	"rs769236"	"C"	"T"	"T"	"C"	"0|1"
"chr4"	164435265	"TMA16"	"rs2304802"	"A"	"C"	"A"	"C"	"1|0"
"chr4"	164440581	"TMA16"	"rs1561736"	"T"	"C"	"T"	"C"	"1|0"
"chr4"	164440743	"TMA16"	"rs4362779"	"T"	"A"	"T"	"A"	"1|0"
"chr4"	183811487	"DCTD"	"rs7278"	"G"	"A"	"G"	"A"	"1|0"
"chr4"	183812351	"DCTD"	"rs9542"	"C"	"T"	"T"	"C"	"0|1"
"chr4"	183815688	"DCTD"	"rs4742"	"A"	"G"	"A"	"G"	"1|0"
"chr4"	185548951	"CASP3"	"rs1049253"	"A"	"G"	"A"	"G"	"1|0"
"chr4"	185549130	"CASP3"	"rs6948"	"G"	"T"	"G"	"T"	"1|0"
"chr4"	185570553	"CASP3"	"rs113420705"	"T"	"C"	"T"	"C"	"1|0"
"chr4"	185615532	"MLF1IP"	"rs6825561"	"A"	"T"	"A"	"T"	"1|0"
"chr4"	185615764	"CCDC111"	"rs14969"	"C"	"A"	"C"	"A"	"1|0"
"chr4"	185615768	"CCDC111"	"rs3184982"	"T"	"G"	"T"	"G"	"1|0"
"chr4"	185616167	"MLF1IP"	"rs6826883"	"A"	"C"	"A"	"C"	"1|0"
"chr4"	185634144	"MLF1IP"	"rs4616798"	"T"	"C"	"T"	"C"	"1|0"
"chr4"	185637699	"MLF1IP"	"rs6552804"	"A"	"G"	"A"	"G"	"1|0"
"chr4"	185650154	"MLF1IP"	"rs6818447"	"G"	"A"	"G"	"A"	"1|0"
"chr4"	185655192	"MLF1IP"	"rs876839"	"G"	"C"	"G"	"C"	"1|0"
"chr4"	185677363	"ACSL1"	"rs1056896"	"T"	"C"	"C"	"T"	"0|1"
"chr4"	185678110	"ACSL1"	"rs2292899"	"A"	"G"	"A"	"G"	"1|0"
"chr4"	186111639	"KIAA1430"	"rs1133657"	"T"	"C"	"T"	"C"	"1|0"
"chr4"	186112111	"KIAA1430"	"rs3108237"	"G"	"A"	"G"	"A"	"1|0"
"chr5"	33462017	"TARS"	"rs72737350"	"A"	"G"	"A"	"G"	"1|0"
"chr5"	33462034	"TARS"	"rs3736393"	"G"	"A"	"A"	"G"	"0|1"
"chr5"	68463014	"CCNB1"	"rs164390"	"G"	"T"	"G"	"T"	"1|0"
"chr5"	68471247	"CCNB1"	"rs1128761"	"G"	"A"	"A"	"G"	"0|1"
"chr5"	70800475	"BDP1"	"rs3761966"	"C"	"T"	"C"	"T"	"1|0"
"chr5"	70800538	"BDP1"	"rs3761967"	"G"	"A"	"A"	"G"	"0|1"
"chr5"	72874907	"UTP15"	"rs343122"	"A"	"C"	"A"	"C"	"1|0"
"chr5"	72876035	"UTP15"	"rs343120"	"G"	"A"	"G"	"A"	"1|0"
"chr5"	72876119	"UTP15"	"rs343119"	"T"	"C"	"T"	"C"	"1|0"
"chr5"	74063154	"NSA2"	"rs1043968"	"C"	"G"	"C"	"G"	"1|0"
"chr5"	74069863	"NSA2"	"rs6874609"	"A"	"G"	"A"	"G"	"1|0"
"chr5"	76728996	"WDR41"	"rs72769029"	"T"	"C"	"T"	"C"	"1|0"
"chr5"	76734084	"WDR41"	"rs33204"	"C"	"T"	"C"	"T"	"1|0"
"chr5"	77298619	"AP3B1"	"rs11552314"	"A"	"T"	"A"	"T"	"1|0"
"chr5"	77412011	"AP3B1"	"rs42360"	"A"	"G"	"A"	"G"	"1|0"
"chr5"	77473165	"AP3B1"	"rs4532349"	"A"	"G"	"A"	"G"	"1|0"
"chr5"	96503523	"RIOK2"	"rs160632"	"C"	"T"	"C"	"T"	"1|0"
"chr5"	96512865	"RIOK2"	"rs2548319"	"T"	"A"	"T"	"A"	"1|0"
"chr5"	96512871	"RIOK2"	"rs2544772"	"T"	"A"	"T"	"A"	"1|0"
"chr5"	96513471	"RIOK2"	"rs2544773"	"G"	"C"	"G"	"C"	"1|0"
"chr5"	100145020	"ST8SIA4"	"rs10078251"	"G"	"A"	"G"	"A"	"1|0"
"chr5"	100145388	"ST8SIA4"	"rs11584"	"A"	"C"	"A"	"C"	"1|0"
"chr5"	106714490	"EFNA5"	"rs14038"	"G"	"A"	"G"	"A"	"1|0"
"chr5"	106714686	"EFNA5"	"rs72785807"	"T"	"C"	"T"	"C"	"1|0"
"chr5"	108672755	"PJA2"	"rs33730"	"T"	"A"	"A"	"T"	"0|1"
"chr5"	108672946	"PJA2"	"rs246105"	"C"	"T"	"T"	"C"	"0|1"
"chr5"	108713970	"PJA2"	"rs10042721"	"C"	"T"	"C"	"T"	"1|0"
"chr5"	108713982	"PJA2"	"rs12523186"	"T"	"C"	"T"	"C"	"1|0"
"chr5"	108714298	"PJA2"	"rs1045706"	"T"	"C"	"T"	"C"	"1|0"
"chr5"	108719151	"PJA2"	"rs1045704"	"G"	"A"	"G"	"A"	"1|0"
"chr5"	110464322	"WDR36"	"rs11954534"	"C"	"T"	"C"	"T"	"1|0"
"chr5"	110464393	"WDR36"	"rs11948089"	"A"	"T"	"A"	"T"	"1|0"
"chr5"	112212151	"REEP5"	"rs3317"	"G"	"A"	"G"	"A"	"1|0"
"chr5"	112212608	"REEP5"	"rs9011"	"G"	"A"	"G"	"A"	"1|0"
"chr5"	112257908	"REEP5"	"rs153556"	"T"	"C"	"T"	"C"	"1|0"
"chr5"	114546906	"PGGT1B"	"rs265421"	"C"	"T"	"C"	"T"	"1|0"
"chr5"	114547039	"PGGT1B"	"rs72813817"	"C"	"T"	"C"	"T"	"1|0"
"chr5"	118669094	"TNFAIP8"	"rs250306"	"C"	"T"	"C"	"T"	"1|0"
"chr5"	118669304	"TNFAIP8"	"rs56329027"	"C"	"T"	"T"	"C"	"0|1"
"chr5"	118860938	"HSD17B4"	"rs11539471"	"T"	"C"	"T"	"C"	"1|0"
"chr5"	118861713	"HSD17B4"	"rs11205"	"A"	"G"	"A"	"G"	"1|0"
"chr5"	126887569	"PRRC1"	"rs7522"	"G"	"A"	"G"	"A"	"1|0"
"chr5"	126887959	"PRRC1"	"rs10695"	"C"	"G"	"C"	"G"	"1|0"
"chr5"	126888369	"PRRC1"	"rs366515"	"A"	"G"	"A"	"G"	"1|0"
"chr5"	126888609	"PRRC1"	"rs364981"	"A"	"G"	"A"	"G"	"1|0"
"chr5"	126888661	"PRRC1"	"rs495916"	"C"	"A"	"C"	"A"	"1|0"
"chr5"	126888693	"PRRC1"	"rs496004"	"A"	"T"	"A"	"T"	"1|0"
"chr5"	126888718	"PRRC1"	"rs556605"	"G"	"C"	"G"	"C"	"1|0"
"chr5"	126888773	"PRRC1"	"rs425532"	"A"	"G"	"A"	"G"	"1|0"
"chr5"	126888852	"PRRC1"	"rs410877"	"A"	"G"	"A"	"G"	"1|0"
"chr5"	126889640	"AJ515158"	"rs418657"	"A"	"G"	"A"	"G"	"1|0"
"chr5"	126889986	"AJ515158"	"rs432672"	"A"	"G"	"A"	"G"	"1|0"
"chr5"	126890472	"AJ515158"	"rs441265"	"C"	"T"	"C"	"T"	"1|0"
"chr5"	126890541	"AJ515158"	"rs384556"	"T"	"C"	"T"	"C"	"1|0"
"chr5"	143537904	"YIPF5"	"rs4623178"	"G"	"A"	"G"	"A"	"1|0"
"chr5"	143539142	"YIPF5"	"rs1043292"	"T"	"C"	"T"	"C"	"1|0"
"chr5"	145499996	"LARS"	"rs10988"	"C"	"T"	"C"	"T"	"1|0"
"chr5"	145508340	"LARS"	"rs2895647"	"A"	"G"	"A"	"G"	"1|0"
"chr5"	145519821	"LARS"	"rs17493851"	"G"	"A"	"G"	"A"	"1|0"
"chr5"	145523105	"LARS"	"rs11540217"	"G"	"A"	"G"	"A"	"1|0"
"chr5"	145539996	"LARS"	"rs11540214"	"T"	"G"	"T"	"G"	"1|0"
"chr5"	145543972	"LARS"	"rs3763373"	"G"	"A"	"G"	"A"	"1|0"
"chr5"	145562143	"LARS"	"rs11540215"	"G"	"A"	"G"	"A"	"1|0"
"chr5"	150409989	"TNIP1"	"rs8177834"	"C"	"T"	"C"	"T"	"1|0"
"chr5"	150410135	"TNIP1"	"rs3924"	"G"	"A"	"A"	"G"	"0|1"
"chr5"	150410219	"TNIP1"	"rs2233311"	"C"	"A"	"C"	"A"	"1|0"
"chr5"	153371405	"FAM114A2"	"rs707178"	"C"	"T"	"C"	"T"	"1|0"
"chr5"	153371463	"FAM114A2"	"rs707179"	"C"	"T"	"C"	"T"	"1|0"
"chr5"	167913510	"RARS"	"rs244903"	"G"	"A"	"G"	"A"	"1|0"
"chr5"	167943827	"RARS"	"rs653568"	"G"	"A"	"G"	"A"	"1|0"
"chr5"	169021610	"SPDL1"	"rs4493692"	"C"	"T"	"C"	"T"	"1|0"
"chr5"	169031150	"SPDL1"	"rs3777084"	"T"	"C"	"T"	"C"	"1|0"
"chr5"	169031218	"SPDL1"	"rs2042248"	"G"	"T"	"G"	"T"	"1|0"
"chr5"	174937193	"SFXN1"	"rs2662170"	"C"	"T"	"C"	"T"	"1|0"
"chr5"	174953743	"SFXN1"	"rs198039"	"G"	"A"	"G"	"A"	"1|0"
"chr5"	174954861	"SFXN1"	"rs156373"	"T"	"C"	"C"	"T"	"0|1"
"chr5"	174955015	"SFXN1"	"rs6897275"	"C"	"T"	"T"	"C"	"0|1"
"chr5"	174955174	"SFXN1"	"rs273080"	"G"	"A"	"G"	"A"	"1|0"
"chr5"	174955208	"SFXN1"	"rs273079"	"G"	"C"	"G"	"C"	"1|0"
"chr5"	174955535	"SFXN1"	"rs72821224"	"T"	"A"	"T"	"A"	"1|0"
"chr5"	174955572	"SFXN1"	"rs166641"	"A"	"T"	"A"	"T"	"1|0"
"chr5"	174955584	"SFXN1"	"rs273078"	"C"	"T"	"C"	"T"	"1|0"
"chr5"	179155809	"CANX"	"rs72809773"	"G"	"A"	"G"	"A"	"1|0"
"chr5"	179156782	"CANX"	"rs6639"	"G"	"T"	"G"	"T"	"1|0"
"chr6"	3267158	"AL389983"	"rs4355650"	"T"	"C"	"T"	"C"	"1|0"
"chr6"	3267214	"AL389983"	"rs4343967"	"C"	"T"	"C"	"T"	"1|0"
"chr6"	3267246	"AL389983"	"rs4292566"	"T"	"C"	"T"	"C"	"1|0"
"chr6"	5260936	"LYRM4"	"rs2224391"	"A"	"C"	"A"	"C"	"1|0"
"chr6"	5261136	"LYRM4"	"rs2224392"	"G"	"A"	"G"	"A"	"1|0"
"chr6"	5261845	"FARS2"	"rs2753246"	"A"	"G"	"A"	"G"	"1|0"
"chr6"	5431340	"FARS2"	"rs11243011"	"A"	"G"	"A"	"G"	"1|0"
"chr6"	7286019	"SSR1"	"rs2714358"	"T"	"C"	"T"	"C"	"1|0"
"chr6"	7288297	"SSR1"	"rs8955"	"G"	"A"	"G"	"A"	"1|0"
"chr6"	7288544	"SSR1"	"rs11071"	"A"	"C"	"A"	"C"	"1|0"
"chr6"	7289166	"SSR1"	"rs3087986"	"C"	"T"	"C"	"T"	"1|0"
"chr6"	7313406	"SSR1"	"rs2274210"	"C"	"G"	"C"	"G"	"1|0"
"chr6"	14136373	"CD83"	"rs3734665"	"A"	"G"	"A"	"G"	"1|0"
"chr6"	14137014	"CD83"	"rs9230"	"T"	"C"	"T"	"C"	"1|0"
"chr6"	24415380	"MRS2"	"rs3761788"	"G"	"A"	"G"	"A"	"1|0"
"chr6"	24423930	"MRS2"	"rs62401890"	"C"	"G"	"G"	"C"	"0|1"
"chr6"	24650671	"TDP2"	"rs707887"	"C"	"T"	"C"	"T"	"1|0"
"chr6"	24650731	"TDP2"	"rs1047782"	"T"	"G"	"T"	"G"	"1|0"
"chr6"	32147696	"RNF5"	"rs3130349"	"G"	"A"	"G"	"A"	"1|0"
"chr6"	32148031	"RNF5"	"rs1062070"	"A"	"G"	"A"	"G"	"1|0"
"chr6"	32148403	"RNF5"	"rs8365"	"G"	"C"	"G"	"C"	"1|0"
"chr6"	32814902	"TAP1"	"rs41551515"	"C"	"T"	"C"	"T"	"1|0"
"chr6"	32814975	"TAP1"	"rs1135216"	"T"	"C"	"T"	"C"	"1|0"
"chr6"	32906586	"HLA-DMB"	"rs17617321"	"C"	"T"	"C"	"T"	"1|0"
"chr6"	32906652	"HLA-DMB"	"rs17617333"	"T"	"A"	"T"	"A"	"1|0"
"chr6"	32906716	"HLA-DMB"	"rs17583782"	"T"	"C"	"T"	"C"	"1|0"
"chr6"	32917411	"HLA-DMA"	"rs41555121"	"C"	"T"	"C"	"T"	"1|0"
"chr6"	32917498	"HLA-DMA"	"rs6926628"	"C"	"G"	"C"	"G"	"1|0"
"chr6"	33032822	"HLA-DPA1"	"rs1042926"	"G"	"A"	"G"	"A"	"1|0"
"chr6"	33032831	"HLA-DPA1"	"rs1042920"	"G"	"A"	"G"	"A"	"1|0"
"chr6"	33032853	"HLA-DPA1"	"rs1042914"	"C"	"T"	"C"	"T"	"1|0"
"chr6"	33032861	"HLA-DPA1"	"rs1042908"	"G"	"A"	"G"	"A"	"1|0"
"chr6"	33032865	"HLA-DPA1"	"rs1042901"	"A"	"C"	"A"	"C"	"1|0"
"chr6"	33032905	"HLA-DPA1"	"rs1042872"	"T"	"C"	"T"	"C"	"1|0"
"chr6"	33032968	"HLA-DPA1"	"rs8486"	"G"	"A"	"G"	"A"	"1|0"
"chr6"	33032975	"HLA-DPA1"	"rs7905"	"T"	"C"	"T"	"C"	"1|0"
"chr6"	33033022	"HLA-DPA1"	"rs3077"	"A"	"G"	"A"	"G"	"1|0"
"chr6"	33033055	"HLA-DPA1"	"rs1042688"	"A"	"T"	"A"	"T"	"1|0"
"chr6"	33033058	"HLA-DPA1"	"rs3211475"	"T"	"C"	"T"	"C"	"1|0"
"chr6"	33036505	"HLA-DPA1"	"rs1042434"	"G"	"C"	"G"	"C"	"1|0"
"chr6"	33036853	"HLA-DPA1"	"rs1042308"	"A"	"C"	"A"	"C"	"1|0"
"chr6"	33036959	"HLA-DPA1"	"rs2308929"	"G"	"A"	"G"	"A"	"1|0"
"chr6"	33036971	"HLA-DPA1"	"rs2308928"	"C"	"T"	"C"	"T"	"1|0"
"chr6"	33036999	"HLA-DPA1"	"rs1042190"	"T"	"C"	"T"	"C"	"1|0"
"chr6"	33037419	"HLA-DPA1"	"rs1126543"	"G"	"A"	"G"	"A"	"1|0"
"chr6"	33037424	"HLA-DPA1"	"rs1126542"	"T"	"C"	"T"	"C"	"1|0"
"chr6"	33037522	"HLA-DPA1"	"rs1042178"	"T"	"C"	"T"	"C"	"1|0"
"chr6"	33037557	"HLA-DPA1"	"rs1042177"	"C"	"T"	"C"	"T"	"1|0"
"chr6"	33037560	"HLA-DPA1"	"rs1042176"	"G"	"A"	"G"	"A"	"1|0"
"chr6"	33037626	"HLA-DPA1"	"rs1042174"	"C"	"G"	"C"	"G"	"1|0"
"chr6"	33048457	"HLA-DPB1"	"rs1126504"	"C"	"G"	"C"	"G"	"1|0"
"chr6"	33048542	"HLA-DPB1"	"rs1042121"	"C"	"T"	"C"	"T"	"1|0"
"chr6"	33048661	"HLA-DPB1"	"rs1042151"	"A"	"G"	"A"	"G"	"1|0"
"chr6"	33048663	"HLA-DPB1"	"rs1042153"	"G"	"A"	"G"	"A"	"1|0"
"chr6"	33048686	"HLA-DPB1"	"rs1042169"	"G"	"A"	"G"	"A"	"1|0"
"chr6"	33048689	"HLA-DPB1"	"rs9277354"	"G"	"A"	"G"	"A"	"1|0"
"chr6"	33048691	"HLA-DPB1"	"rs9277355"	"C"	"G"	"C"	"G"	"1|0"
"chr6"	33048694	"HLA-DPB1"	"rs9277356"	"A"	"G"	"A"	"G"	"1|0"
"chr6"	33052768	"HLA-DPB1"	"rs1042187"	"T"	"C"	"T"	"C"	"1|0"
"chr6"	33052803	"HLA-DPB1"	"rs1042212"	"G"	"A"	"G"	"A"	"1|0"
"chr6"	33052950	"HLA-DPB1"	"rs1042331"	"T"	"C"	"T"	"C"	"1|0"
"chr6"	33052958	"HLA-DPB1"	"rs1042335"	"C"	"T"	"C"	"T"	"1|0"
"chr6"	33052986	"HLA-DPB1"	"rs1071597"	"T"	"C"	"T"	"C"	"1|0"
"chr6"	33054457	"HLA-DPB1"	"rs1042544"	"A"	"G"	"A"	"G"	"1|0"
"chr6"	33054550	"HLA-DPB1"	"rs931"	"G"	"A"	"G"	"A"	"1|0"
"chr6"	33054552	"HLA-DPB1"	"rs928"	"C"	"G"	"C"	"G"	"1|0"
"chr6"	33054579	"HLA-DPB1"	"rs935"	"C"	"T"	"C"	"T"	"1|0"
"chr6"	33054586	"HLA-DPB1"	"rs932"	"A"	"G"	"A"	"G"	"1|0"
"chr6"	33054595	"HLA-DPB1"	"rs933"	"C"	"T"	"C"	"T"	"1|0"
"chr6"	33054619	"HLA-DPB1"	"rs929"	"G"	"A"	"G"	"A"	"1|0"
"chr6"	42174558	"MRPS10"	"rs4714580"	"A"	"G"	"A"	"G"	"1|0"
"chr6"	42174611	"MRPS10"	"rs8850"	"G"	"T"	"G"	"T"	"1|0"
"chr6"	42175063	"MRPS10"	"rs3199639"	"A"	"G"	"A"	"G"	"1|0"
"chr6"	42175221	"MRPS10"	"rs3199638"	"A"	"G"	"A"	"G"	"1|0"
"chr6"	42175268	"MRPS10"	"rs6929797"	"G"	"A"	"G"	"A"	"1|0"
"chr6"	42175927	"MRPS10"	"rs11618"	"G"	"A"	"G"	"A"	"1|0"
"chr6"	43492578	"XPO5"	"rs2257082"	"G"	"A"	"A"	"G"	"0|1"
"chr6"	43496662	"XPO5"	"rs1106841"	"A"	"C"	"A"	"C"	"1|0"
"chr6"	49459978	"CENPQ"	"rs2501968"	"A"	"G"	"A"	"G"	"1|0"
"chr6"	49460152	"CENPQ"	"rs1471539"	"A"	"G"	"A"	"G"	"1|0"
"chr6"	74019338	"KHDC1"	"rs16883571"	"G"	"A"	"G"	"A"	"1|0"
"chr6"	74019376	"KHDC1"	"rs16883573"	"T"	"C"	"T"	"C"	"1|0"
"chr6"	79911190	"HMGN3"	"rs34043789"	"G"	"A"	"G"	"A"	"1|0"
"chr6"	79911290	"HMGN3"	"rs9448657"	"G"	"A"	"G"	"A"	"1|0"
"chr6"	88221546	"SLC35A1"	"rs1051131"	"A"	"G"	"A"	"G"	"1|0"
"chr6"	88221892	"SLC35A1"	"rs1051148"	"T"	"G"	"T"	"G"	"1|0"
"chr6"	99990685	"CCNC"	"rs8366"	"G"	"A"	"G"	"A"	"1|0"
"chr6"	99990856	"CCNC"	"rs1054227"	"T"	"C"	"T"	"C"	"1|0"
"chr6"	100005652	"CCNC"	"rs55915316"	"G"	"A"	"G"	"A"	"1|0"
"chr6"	116598475	"TSPYL1"	"rs1045182"	"T"	"C"	"T"	"C"	"1|0"
"chr6"	116598793	"TSPYL1"	"rs10456904"	"G"	"A"	"G"	"A"	"1|0"
"chr6"	116598853	"TSPYL1"	"rs1128261"	"A"	"G"	"A"	"G"	"1|0"
"chr6"	118030238	"NUS1"	"rs2498589"	"G"	"T"	"T"	"G"	"0|1"
"chr6"	118030605	"NUS1"	"rs45612133"	"G"	"T"	"G"	"T"	"1|0"
"chr6"	119215402	"ASF1A"	"rs11542663"	"A"	"C"	"C"	"A"	"0|1"
"chr6"	119229840	"ASF1A"	"rs9489539"	"A"	"G"	"A"	"G"	"1|0"
"chr6"	153291865	"FBXO5"	"rs1712"	"C"	"T"	"C"	"T"	"1|0"
"chr6"	153291923	"FBXO5"	"rs1713"	"C"	"T"	"C"	"T"	"1|0"
"chr6"	160196343	"ACAT2"	"rs25683"	"A"	"G"	"A"	"G"	"1|0"
"chr6"	160198395	"ACAT2"	"rs3465"	"G"	"A"	"G"	"A"	"1|0"
"chr6"	160211554	"MRPL18"	"rs1128661"	"T"	"G"	"T"	"G"	"1|0"
"chr6"	160219337	"MRPL18"	"rs4739"	"G"	"A"	"G"	"A"	"1|0"
"chr7"	21941061	"CDCA7L"	"rs62445901"	"C"	"G"	"C"	"G"	"1|0"
"chr7"	21941439	"CDCA7L"	"rs12700325"	"A"	"G"	"G"	"A"	"0|1"
"chr7"	24758753	"DFNA5"	"rs754555"	"C"	"T"	"C"	"T"	"1|0"
"chr7"	24758795	"DFNA5"	"rs876305"	"T"	"C"	"T"	"C"	"1|0"
"chr7"	29960211	"SCRN1"	"rs9912"	"C"	"A"	"C"	"A"	"1|0"
"chr7"	29960315	"SCRN1"	"rs1049395"	"C"	"T"	"C"	"T"	"1|0"
"chr7"	29960462	"SCRN1"	"rs13834"	"G"	"A"	"G"	"A"	"1|0"
"chr7"	29960519	"SCRN1"	"rs4662"	"C"	"A"	"C"	"A"	"1|0"
"chr7"	30536611	"GGCT"	"rs4270"	"T"	"C"	"T"	"C"	"1|0"
"chr7"	30544360	"GGCT"	"rs38414"	"G"	"A"	"G"	"A"	"1|0"
"chr7"	32526066	"LSM5"	"rs6462371"	"G"	"A"	"G"	"A"	"1|0"
"chr7"	32526181	"LSM5"	"rs6952557"	"C"	"T"	"C"	"T"	"1|0"
"chr7"	32526687	"LSM5"	"rs10736"	"C"	"T"	"C"	"T"	"1|0"
"chr7"	32529936	"LSM5"	"rs1584614"	"G"	"C"	"G"	"C"	"1|0"
"chr7"	38765527	"VPS41"	"rs3735347"	"A"	"C"	"A"	"C"	"1|0"
"chr7"	38796570	"VPS41"	"rs2240350"	"G"	"A"	"G"	"A"	"1|0"
"chr7"	44841924	"PPIA"	"rs17860094"	"T"	"G"	"G"	"T"	"0|1"
"chr7"	44842421	"PPIA"	"rs6904"	"A"	"G"	"A"	"G"	"1|0"
"chr7"	44866704	"H2AFV"	"rs2897"	"A"	"G"	"A"	"G"	"1|0"
"chr7"	44866832	"H2AFV"	"rs7016"	"T"	"G"	"T"	"G"	"1|0"
"chr7"	56136194	"SUMF2"	"rs7808729"	"C"	"T"	"C"	"T"	"1|0"
"chr7"	56147589	"SUMF2"	"rs10800"	"A"	"G"	"G"	"A"	"0|1"
"chr7"	56169419	"CHCHD2"	"rs8406"	"C"	"T"	"C"	"T"	"1|0"
"chr7"	56174115	"CHCHD2"	"rs10043"	"A"	"C"	"A"	"C"	"1|0"
"chr7"	56174140	"CHCHD2"	"rs816407"	"G"	"T"	"G"	"T"	"1|0"
"chr7"	75677504	"MDH2"	"rs6720"	"C"	"T"	"C"	"T"	"1|0"
"chr7"	75695908	"MDH2"	"rs3815457"	"A"	"G"	"A"	"G"	"1|0"
"chr7"	86825442	"DMTF1"	"rs73208512"	"T"	"C"	"T"	"C"	"1|0"
"chr7"	86825466	"DMTF1"	"rs73208513"	"A"	"G"	"A"	"G"	"1|0"
"chr7"	89983808	"GTPBP10"	"rs42663"	"T"	"G"	"G"	"T"	"0|1"
"chr7"	89984409	"GTPBP10"	"rs42664"	"A"	"G"	"G"	"A"	"0|1"
"chr7"	90001496	"GTPBP10"	"rs35001814"	"G"	"C"	"G"	"C"	"1|0"
"chr7"	90014408	"GTPBP10"	"rs17863999"	"G"	"A"	"G"	"A"	"1|0"
"chr7"	91741971	"CYP51A1"	"rs1135217"	"C"	"T"	"C"	"T"	"1|0"
"chr7"	91742187	"CYP51A1"	"rs11459"	"A"	"G"	"A"	"G"	"1|0"
"chr7"	91742348	"CYP51A1"	"rs8039"	"C"	"A"	"C"	"A"	"1|0"
"chr7"	91742602	"CYP51A1"	"rs6465348"	"A"	"G"	"A"	"G"	"1|0"
"chr7"	91742728	"CYP51A1"	"rs7793861"	"C"	"G"	"C"	"G"	"1|0"
"chr7"	92236164	"CDK6"	"rs8179"	"T"	"C"	"C"	"T"	"0|1"
"chr7"	92236421	"CDK6"	"rs42030"	"G"	"A"	"G"	"A"	"1|0"
"chr7"	92236829	"CDK6"	"rs4272"	"A"	"G"	"A"	"G"	"1|0"
"chr7"	92237396	"CDK6"	"rs42031"	"A"	"T"	"A"	"T"	"1|0"
"chr7"	92237426	"CDK6"	"rs42032"	"G"	"A"	"G"	"A"	"1|0"
"chr7"	92237533	"CDK6"	"rs42033"	"A"	"T"	"A"	"T"	"1|0"
"chr7"	96810729	"ACN9"	"rs13475"	"G"	"A"	"G"	"A"	"1|0"
"chr7"	96810912	"ACN9"	"rs7837"	"C"	"T"	"C"	"T"	"1|0"
"chr7"	97595947	"BC122864,MGC72080"	"rs55903636"	"G"	"C"	"C"	"G"	"0|1"
"chr7"	97596092	"BC122864,MGC72080"	"rs3957046"	"T"	"A"	"T"	"A"	"1|0"
"chr7"	97922773	"BAIAP2L1"	"rs12873"	"T"	"C"	"T"	"C"	"1|0"
"chr7"	97922851	"BAIAP2L1"	"rs12728"	"C"	"T"	"C"	"T"	"1|0"
"chr7"	99694931	"MCM7"	"rs61752703"	"C"	"T"	"C"	"T"	"1|0"
"chr7"	99696797	"MCM7"	"rs2070215"	"T"	"C"	"C"	"T"	"0|1"
"chr7"	105172685	"RINT1"	"rs818620"	"G"	"C"	"G"	"C"	"1|0"
"chr7"	105177041	"RINT1"	"rs11556986"	"A"	"T"	"A"	"T"	"1|0"
"chr7"	105192057	"RINT1"	"rs35961194"	"T"	"C"	"T"	"C"	"1|0"
"chr7"	108202792	"THAP5"	"rs40939"	"C"	"T"	"C"	"T"	"1|0"
"chr7"	108202894	"THAP5"	"rs40940"	"T"	"C"	"T"	"C"	"1|0"
"chr7"	108202925	"THAP5"	"rs40941"	"C"	"T"	"C"	"T"	"1|0"
"chr7"	108203050	"THAP5"	"rs40942"	"T"	"C"	"T"	"C"	"1|0"
"chr7"	116528240	"CAPZA2"	"rs4808"	"C"	"T"	"C"	"T"	"1|0"
"chr7"	116557939	"CAPZA2"	"rs3173936"	"C"	"T"	"C"	"T"	"1|0"
"chr7"	117824239	"NAA38"	"rs2896242"	"G"	"C"	"G"	"C"	"1|0"
"chr7"	117832138	"NAA38"	"rs1061731"	"G"	"A"	"G"	"A"	"1|0"
"chr7"	138731398	"ZC3HAV1"	"rs1047129"	"T"	"C"	"T"	"C"	"1|0"
"chr7"	138731687	"ZC3HAV1"	"rs2354335"	"A"	"G"	"A"	"G"	"1|0"
"chr7"	138731810	"ZC3HAV1"	"rs10265856"	"T"	"C"	"T"	"C"	"1|0"
"chr7"	138731843	"ZC3HAV1"	"rs10250435"	"C"	"T"	"C"	"T"	"1|0"
"chr7"	138731859	"ZC3HAV1"	"rs10250646"	"G"	"T"	"G"	"T"	"1|0"
"chr7"	138731898	"ZC3HAV1"	"rs10250457"	"C"	"T"	"C"	"T"	"1|0"
"chr7"	138731904	"ZC3HAV1"	"rs10250460"	"C"	"T"	"C"	"T"	"1|0"
"chr7"	138731967	"ZC3HAV1"	"rs5022946"	"C"	"T"	"C"	"T"	"1|0"
"chr7"	138731988	"ZC3HAV1"	"rs5022945"	"T"	"A"	"T"	"A"	"1|0"
"chr7"	150389593	"GIMAP2"	"rs1860871"	"T"	"C"	"T"	"C"	"1|0"
"chr7"	150389856	"GIMAP2"	"rs2075078"	"A"	"G"	"A"	"G"	"1|0"
"chr7"	150390504	"GIMAP2"	"rs1055240"	"G"	"T"	"G"	"T"	"1|0"
"chr7"	150909731	"ABCF2"	"rs1065071"	"T"	"C"	"T"	"C"	"1|0"
"chr7"	150910294	"ABCF2"	"rs34770061"	"T"	"G"	"T"	"G"	"1|0"
"chr7"	150910362	"ABCF2"	"rs35833042"	"T"	"C"	"T"	"C"	"1|0"
"chr7"	150910744	"ABCF2"	"rs66608097"	"G"	"C"	"G"	"C"	"1|0"
"chr7"	150912750	"ABCF2"	"rs12538823"	"G"	"T"	"G"	"T"	"1|0"
"chr7"	150912786	"ABCF2"	"rs7786151"	"T"	"C"	"T"	"C"	"1|0"
"chr7"	150920891	"ABCF2"	"rs41273648"	"G"	"A"	"G"	"A"	"1|0"
"chr7"	150921950	"ABCF2"	"rs6464133"	"A"	"G"	"A"	"G"	"1|0"
"chr8"	6615973	"AGPAT5"	"rs2911970"	"C"	"T"	"C"	"T"	"1|0"
"chr8"	6616137	"AGPAT5"	"rs2980688"	"T"	"C"	"T"	"C"	"1|0"
"chr8"	17086756	"CNOT7"	"rs1043093"	"A"	"C"	"A"	"C"	"1|0"
"chr8"	17086990	"CNOT7"	"rs6837"	"C"	"T"	"T"	"C"	"0|1"
"chr8"	17087014	"CNOT7"	"rs1043083"	"T"	"C"	"T"	"C"	"1|0"
"chr8"	22526559	"BIN3"	"rs11550509"	"G"	"A"	"A"	"G"	"0|1"
"chr8"	22526609	"BIN3"	"rs73212806"	"G"	"A"	"G"	"A"	"1|0"
"chr8"	23146095	"R3HCC1"	"rs11546682"	"A"	"G"	"A"	"G"	"1|0"
"chr8"	23148930	"R3HCC1"	"rs2272762"	"A"	"G"	"A"	"G"	"1|0"
"chr8"	23148940	"R3HCC1"	"rs2272761"	"G"	"A"	"G"	"A"	"1|0"
"chr8"	23148978	"R3HCC1"	"rs2272760"	"G"	"T"	"G"	"T"	"1|0"
"chr8"	23150878	"R3HCC1"	"rs13530"	"T"	"G"	"T"	"G"	"1|0"
"chr8"	23152334	"R3HCC1"	"rs15946"	"A"	"G"	"A"	"G"	"1|0"
"chr8"	26514293	"DPYSL2"	"rs1058332"	"G"	"A"	"G"	"A"	"1|0"
"chr8"	26514779	"DPYSL2"	"rs920633"	"T"	"C"	"T"	"C"	"1|0"
"chr8"	26515458	"DPYSL2"	"rs17666"	"T"	"C"	"T"	"C"	"1|0"
"chr8"	30535660	"GSR"	"rs3594"	"C"	"A"	"C"	"A"	"1|0"
"chr8"	30536581	"GSR"	"rs1138054"	"A"	"G"	"G"	"A"	"0|1"
"chr8"	33356827	"MAK16"	"rs2732278"	"T"	"A"	"T"	"A"	"1|0"
"chr8"	33356829	"MAK16"	"rs2732279"	"T"	"A"	"T"	"A"	"1|0"
"chr8"	33358162	"MAK16"	"rs10644"	"A"	"T"	"A"	"T"	"1|0"
"chr8"	33358730	"MAK16"	"rs7848"	"C"	"T"	"C"	"T"	"1|0"
"chr8"	33369944	"TTI2"	"rs2304748"	"T"	"C"	"T"	"C"	"1|0"
"chr8"	33369994	"TTI2"	"rs3098657"	"A"	"G"	"A"	"G"	"1|0"
"chr8"	63927746	"GGH"	"rs17279558"	"T"	"C"	"T"	"C"	"1|0"
"chr8"	63938764	"GGH"	"rs11545078"	"G"	"A"	"G"	"A"	"1|0"
"chr8"	63951312	"GGH"	"rs1800909"	"A"	"G"	"A"	"G"	"1|0"
"chr8"	90946056	"NBN"	"rs9995"	"A"	"G"	"A"	"G"	"1|0"
"chr8"	90946601	"NBN"	"rs1063054"	"T"	"G"	"T"	"G"	"1|0"
"chr8"	103838876	"AZIN1"	"rs6921"	"T"	"A"	"T"	"A"	"1|0"
"chr8"	103839164	"AZIN1"	"rs1062315"	"A"	"T"	"A"	"T"	"1|0"
"chr8"	103851052	"AZIN1"	"rs1062048"	"T"	"C"	"T"	"C"	"1|0"
"chr8"	104412388	"SLC25A32"	"rs2241777"	"C"	"A"	"C"	"A"	"1|0"
"chr8"	104412517	"SLC25A32"	"rs35225263"	"A"	"T"	"A"	"T"	"1|0"
"chr8"	124138891	"WDR67"	"rs16898013"	"G"	"A"	"G"	"A"	"1|0"
"chr8"	124140634	"WDR67"	"rs2385167"	"T"	"C"	"T"	"C"	"1|0"
"chr8"	145654230	"TONSL"	"rs7341562"	"T"	"G"	"T"	"G"	"1|0"
"chr8"	145654233	"TONSL"	"rs13253451"	"T"	"C"	"T"	"C"	"1|0"
"chr8"	145654298	"TONSL"	"rs13273684"	"G"	"A"	"G"	"A"	"1|0"
"chr9"	4710454	"AK3"	"rs301491"	"C"	"T"	"C"	"T"	"1|0"
"chr9"	4711224	"AK3"	"rs7839"	"A"	"C"	"C"	"A"	"0|1"
"chr9"	4711440	"AK3"	"rs6915"	"T"	"A"	"A"	"T"	"0|1"
"chr9"	4711947	"AK3"	"rs296826"	"G"	"A"	"G"	"A"	"1|0"
"chr9"	19376255	"RPS6"	"rs67710536"	"A"	"C"	"A"	"C"	"1|0"
"chr9"	19376258	"RPS6"	"rs67906804"	"G"	"C"	"G"	"C"	"1|0"
"chr9"	26978170	"IFT74"	"rs10812505"	"A"	"G"	"A"	"G"	"1|0"
"chr9"	26978259	"IFT74"	"rs11555693"	"A"	"G"	"A"	"G"	"1|0"
"chr9"	77676305	"NMRK1"	"rs1045882"	"T"	"C"	"C"	"T"	"0|1"
"chr9"	77684690	"NMRK1"	"rs3752955"	"A"	"C"	"A"	"C"	"1|0"
"chr9"	95059790	"NOL8"	"rs710162"	"T"	"A"	"T"	"A"	"1|0"
"chr9"	95059804	"NOL8"	"rs710163"	"A"	"G"	"A"	"G"	"1|0"
"chr9"	95068046	"NOL8"	"rs1133908"	"C"	"T"	"C"	"T"	"1|0"
"chr9"	100819070	"NANS"	"rs3199064"	"T"	"G"	"T"	"G"	"1|0"
"chr9"	100823084	"NANS"	"rs13049"	"T"	"C"	"T"	"C"	"1|0"
"chr9"	100823135	"NANS"	"rs1058446"	"G"	"C"	"G"	"C"	"1|0"
"chr9"	123578964	"PSMD5"	"rs6602"	"T"	"C"	"T"	"C"	"1|0"
"chr9"	123583192	"PSMD5"	"rs1060817"	"A"	"G"	"G"	"A"	"0|1"
"chr9"	132649662	"AL049935"	"rs1503372"	"A"	"G"	"A"	"G"	"1|0"
"chr9"	132649857	"AL049935"	"rs1057888"	"C"	"T"	"C"	"T"	"1|0"
"chr9"	140084376	"SSNA1"	"rs11556580"	"G"	"A"	"G"	"A"	"1|0"
"chr9"	140084485	"SSNA1"	"rs3087779"	"G"	"A"	"G"	"A"	"1|0"
"chr9"	140084753	"SSNA1"	"rs1128395"	"A"	"G"	"A"	"G"	"1|0"
"chr10"	1034412	"GTPBP4"	"rs12772979"	"C"	"T"	"T"	"C"	"0|1"
"chr10"	1046712	"GTPBP4"	"rs2306409"	"G"	"A"	"G"	"A"	"1|0"
"chr10"	11299735	"CELF2"	"rs2277212"	"A"	"T"	"A"	"T"	"1|0"
"chr10"	11356160	"CELF2"	"rs2246449"	"C"	"T"	"C"	"T"	"1|0"
"chr10"	12164407	"DHTKD1"	"rs28585023"	"G"	"A"	"G"	"A"	"1|0"
"chr10"	12165038	"DHTKD1"	"rs12573300"	"C"	"G"	"C"	"G"	"1|0"
"chr10"	12209752	"NUDT5"	"rs6686"	"T"	"C"	"T"	"C"	"1|0"
"chr10"	12228298	"NUDT5"	"rs2272207"	"C"	"T"	"C"	"T"	"1|0"
"chr10"	12292348	"CDC123"	"rs12590"	"G"	"T"	"G"	"T"	"1|0"
"chr10"	12292454	"CDC123"	"rs1051055"	"A"	"G"	"A"	"G"	"1|0"
"chr10"	22825133	"PIP4K2A"	"rs8341"	"T"	"C"	"T"	"C"	"1|0"
"chr10"	22825596	"PIP4K2A"	"rs1048244"	"C"	"T"	"C"	"T"	"1|0"
"chr10"	27399859	"YME1L1"	"rs10829185"	"C"	"T"	"C"	"T"	"1|0"
"chr10"	27400314	"YME1L1"	"rs4749226"	"C"	"T"	"C"	"T"	"1|0"
"chr10"	27400661	"YME1L1"	"rs3758438"	"C"	"T"	"C"	"T"	"1|0"
"chr10"	30629136	"MTPAP"	"rs1047988"	"G"	"A"	"G"	"A"	"1|0"
"chr10"	30629226	"MTPAP"	"rs1047991"	"G"	"A"	"G"	"A"	"1|0"
"chr10"	43312807	"BMS1"	"rs11239786"	"C"	"T"	"C"	"T"	"1|0"
"chr10"	43319197	"BMS1"	"rs12764004"	"G"	"A"	"G"	"A"	"1|0"
"chr10"	43326627	"BMS1"	"rs7133"	"A"	"C"	"A"	"C"	"1|0"
"chr10"	51582894	"NCOA4"	"rs41306524"	"C"	"T"	"C"	"T"	"1|0"
"chr10"	51589581	"NCOA4"	"rs11548236"	"C"	"G"	"C"	"G"	"1|0"
"chr10"	64914372	"NRBF2"	"rs13095"	"G"	"C"	"C"	"G"	"0|1"
"chr10"	64914467	"NRBF2"	"rs1046521"	"A"	"G"	"A"	"G"	"1|0"
"chr10"	71873919	"AIFM2"	"rs10999144"	"C"	"T"	"C"	"T"	"1|0"
"chr10"	71874683	"AIFM2"	"rs2271696"	"G"	"A"	"A"	"G"	"0|1"
"chr10"	71874734	"AIFM2"	"rs2271695"	"G"	"A"	"A"	"G"	"0|1"
"chr10"	71874866	"AIFM2"	"rs61736904"	"T"	"C"	"C"	"T"	"0|1"
"chr10"	71876382	"AIFM2"	"rs2394656"	"C"	"T"	"C"	"T"	"1|0"
"chr10"	71880858	"AIFM2"	"rs10999147"	"A"	"G"	"A"	"G"	"1|0"
"chr10"	81114060	"PPIF"	"rs7332"	"G"	"A"	"A"	"G"	"0|1"
"chr10"	81114813	"PPIF"	"rs8837"	"C"	"G"	"C"	"G"	"1|0"
"chr10"	81114959	"PPIF"	"rs7898"	"C"	"T"	"C"	"T"	"1|0"
"chr10"	91468925	"KIF20B"	"rs1129777"	"C"	"G"	"C"	"G"	"1|0"
"chr10"	91487649	"KIF20B"	"rs12572012"	"A"	"T"	"T"	"A"	"0|1"
"chr10"	91488979	"KIF20B"	"rs3758388"	"A"	"T"	"T"	"A"	"0|1"
"chr10"	96313960	"HELLS"	"rs11188019"	"A"	"C"	"A"	"C"	"1|0"
"chr10"	96361776	"HELLS"	"rs1048196"	"C"	"T"	"T"	"C"	"0|1"
"chr10"	97365820	"ALDH18A1"	"rs4037"	"G"	"A"	"G"	"A"	"1|0"
"chr10"	97365908	"ALDH18A1"	"rs41291562"	"C"	"T"	"T"	"C"	"0|1"
"chr10"	97366107	"ALDH18A1"	"rs8758"	"A"	"G"	"A"	"G"	"1|0"
"chr10"	97366364	"ALDH18A1"	"rs1053905"	"C"	"T"	"C"	"T"	"1|0"
"chr10"	98280601	"TM9SF3"	"rs1132914"	"G"	"C"	"G"	"C"	"1|0"
"chr10"	98280620	"TM9SF3"	"rs1132913"	"C"	"T"	"C"	"T"	"1|0"
"chr10"	98353213	"PIK3AP1"	"rs7448"	"C"	"T"	"T"	"C"	"0|1"
"chr10"	98353421	"PIK3AP1"	"rs8578"	"A"	"G"	"A"	"G"	"1|0"
"chr10"	98380277	"PIK3AP1"	"rs3748234"	"C"	"T"	"C"	"T"	"1|0"
"chr10"	112657979	"PDCD4"	"rs72819730"	"A"	"G"	"A"	"G"	"1|0"
"chr10"	112658315	"PDCD4"	"rs72819732"	"C"	"T"	"C"	"T"	"1|0"
"chr10"	114200355	"ZDHHC6"	"rs2306159"	"G"	"A"	"G"	"A"	"1|0"
"chr10"	114205389	"ZDHHC6"	"rs4918752"	"G"	"A"	"G"	"A"	"1|0"
"chr10"	115489152	"CASP7"	"rs2227310"	"C"	"G"	"C"	"G"	"1|0"
"chr10"	115489167	"CASP7"	"rs2227309"	"G"	"A"	"G"	"A"	"1|0"
"chr10"	122668604	"AX747838"	"rs1045154"	"G"	"A"	"G"	"A"	"1|0"
"chr10"	122668782	"AX747838"	"rs1045170"	"G"	"T"	"G"	"T"	"1|0"
"chr10"	122668801	"AX747838"	"rs1045179"	"A"	"C"	"A"	"C"	"1|0"
"chr10"	129899778	"MKI67"	"rs11106"	"G"	"C"	"G"	"C"	"1|0"
"chr10"	129900858	"MKI67"	"rs3191122"	"C"	"T"	"C"	"T"	"1|0"
"chr10"	129901501	"MKI67"	"rs2071496"	"G"	"C"	"G"	"C"	"1|0"
"chr10"	134191490	"LRRC27"	"rs113785416"	"C"	"T"	"C"	"T"	"1|0"
"chr10"	134191501	"LRRC27"	"rs111445626"	"C"	"T"	"C"	"T"	"1|0"
"chr11"	3847261	"PGAP2"	"rs1055639"	"C"	"T"	"C"	"T"	"1|0"
"chr11"	3847293	"PGAP2"	"rs1055640"	"A"	"G"	"G"	"A"	"0|1"
"chr11"	5717762	"TRIM22"	"rs10838543"	"T"	"C"	"T"	"C"	"1|0"
"chr11"	5718517	"TRIM22"	"rs7935564"	"G"	"A"	"G"	"A"	"1|0"
"chr11"	7686395	"CYB5R2"	"rs1128643"	"T"	"G"	"T"	"G"	"1|0"
"chr11"	7686584	"CYB5R2"	"rs1128627"	"A"	"T"	"A"	"T"	"1|0"
"chr11"	7686674	"CYB5R2"	"rs13854"	"T"	"C"	"T"	"C"	"1|0"
"chr11"	7687715	"CYB5R2"	"rs12801394"	"T"	"C"	"T"	"C"	"1|0"
"chr11"	8933064	"AKIP1"	"rs1133833"	"G"	"A"	"A"	"G"	"0|1"
"chr11"	8941197	"AKIP1"	"rs4910156"	"T"	"G"	"T"	"G"	"1|0"
"chr11"	8941215	"AKIP1"	"rs4910157"	"A"	"G"	"A"	"G"	"1|0"
"chr11"	8941260	"AKIP1"	"rs4910158"	"T"	"C"	"T"	"C"	"1|0"
"chr11"	9468367	"IPO7"	"rs4810"	"A"	"G"	"A"	"G"	"1|0"
"chr11"	9468454	"IPO7"	"rs8785"	"G"	"A"	"G"	"A"	"1|0"
"chr11"	10555586	"RNF141"	"rs72859181"	"C"	"G"	"C"	"G"	"1|0"
"chr11"	10555589	"RNF141"	"rs1065052"	"A"	"G"	"G"	"A"	"0|1"
"chr11"	11976628	"USP47"	"rs7933089"	"G"	"A"	"G"	"A"	"1|0"
"chr11"	11977573	"USP47"	"rs2307073"	"T"	"C"	"T"	"C"	"1|0"
"chr11"	16760244	"C11orf58"	"rs1846936"	"T"	"G"	"T"	"G"	"1|0"
"chr11"	16777132	"C11orf58"	"rs6677"	"T"	"G"	"T"	"G"	"1|0"
"chr11"	18108492	"SAAL1"	"rs12363226"	"T"	"C"	"C"	"T"	"0|1"
"chr11"	18108512	"SAAL1"	"rs35525096"	"T"	"C"	"T"	"C"	"1|0"
"chr11"	32124978	"RCN1"	"rs4876"	"T"	"C"	"T"	"C"	"1|0"
"chr11"	32125961	"RCN1"	"rs11586"	"C"	"T"	"C"	"T"	"1|0"
"chr11"	32126938	"RCN1"	"rs6711"	"T"	"C"	"T"	"C"	"1|0"
"chr11"	33726980	"CD59"	"rs7046"	"A"	"G"	"A"	"G"	"1|0"
"chr11"	33731406	"CD59"	"rs842"	"C"	"T"	"C"	"T"	"1|0"
"chr11"	33757941	"CD59"	"rs13614"	"A"	"G"	"A"	"G"	"1|0"
"chr11"	34460541	"CAT"	"rs1049982"	"T"	"C"	"T"	"C"	"1|0"
"chr11"	34482908	"CAT"	"rs769217"	"C"	"T"	"T"	"C"	"0|1"
"chr11"	43902681	"ALKBH3"	"rs34239319"	"G"	"T"	"G"	"T"	"1|0"
"chr11"	43940644	"ALKBH3"	"rs1048928"	"G"	"T"	"T"	"G"	"0|1"
"chr11"	62496519	"TTC9C"	"rs584845"	"T"	"C"	"T"	"C"	"1|0"
"chr11"	62505764	"TTC9C"	"rs6675"	"C"	"T"	"C"	"T"	"1|0"
"chr11"	67352689	"GSTP1"	"rs1695"	"A"	"G"	"A"	"G"	"1|0"
"chr11"	67353579	"GSTP1"	"rs1138272"	"C"	"T"	"C"	"T"	"1|0"
"chr11"	67353970	"GSTP1"	"rs4891"	"T"	"C"	"T"	"C"	"1|0"
"chr11"	68381607	"PPP6R3"	"rs4988291"	"G"	"A"	"G"	"A"	"1|0"
"chr11"	68382193	"PPP6R3"	"rs12941"	"C"	"T"	"C"	"T"	"1|0"
"chr11"	82973004	"CCDC90B"	"rs8789"	"C"	"T"	"C"	"T"	"1|0"
"chr11"	82996986	"CCDC90B"	"rs494791"	"A"	"C"	"C"	"A"	"0|1"
"chr11"	93495975	"C11orf54"	"rs7310"	"A"	"G"	"G"	"A"	"0|1"
"chr11"	93496183	"C11orf54"	"rs7814"	"G"	"A"	"G"	"A"	"1|0"
"chr11"	94865334	"ENDOD1"	"rs586421"	"T"	"C"	"T"	"C"	"1|0"
"chr11"	94865454	"ENDOD1"	"rs7729"	"T"	"G"	"T"	"G"	"1|0"
"chr11"	95503636	"FAM76B"	"rs1944080"	"T"	"C"	"T"	"C"	"1|0"
"chr11"	95512060	"FAM76B"	"rs1150360"	"A"	"G"	"A"	"G"	"1|0"
"chr11"	111908162	"DLAT"	"rs627441"	"T"	"C"	"T"	"C"	"1|0"
"chr11"	111916647	"DLAT"	"rs10891314"	"G"	"A"	"G"	"A"	"1|0"
"chr11"	111933678	"DLAT"	"rs9371"	"A"	"G"	"A"	"G"	"1|0"
"chr11"	111934507	"DLAT"	"rs9822"	"G"	"C"	"G"	"C"	"1|0"
"chr11"	118967291	"DPAGT1"	"rs7759"	"A"	"G"	"A"	"G"	"1|0"
"chr11"	118967524	"DPAGT1"	"rs8551"	"C"	"T"	"C"	"T"	"1|0"
"chr11"	118967758	"DPAGT1"	"rs643788"	"T"	"C"	"T"	"C"	"1|0"
"chr11"	126133182	"SRPR"	"rs17656"	"C"	"A"	"C"	"A"	"1|0"
"chr11"	126133641	"SRPR"	"rs529328"	"G"	"A"	"G"	"A"	"1|0"
"chr12"	673704	"NINJ2"	"rs2245910"	"T"	"A"	"T"	"A"	"1|0"
"chr12"	673788	"NINJ2"	"rs2245906"	"A"	"G"	"A"	"G"	"1|0"
"chr12"	4462146	"C12orf5"	"rs1046164"	"G"	"A"	"G"	"A"	"1|0"
"chr12"	4462161	"C12orf5"	"rs1046165"	"C"	"T"	"C"	"T"	"1|0"
"chr12"	6619284	"NCAPD2"	"rs714774"	"C"	"G"	"C"	"G"	"1|0"
"chr12"	6637845	"NCAPD2"	"rs2072374"	"T"	"C"	"C"	"T"	"0|1"
"chr12"	6639088	"NCAPD2"	"rs1043262"	"A"	"G"	"G"	"A"	"0|1"
"chr12"	6639981	"NCAPD2"	"rs2240871"	"C"	"G"	"G"	"C"	"0|1"
"chr12"	9833524	"CLEC2D"	"rs3764022"	"C"	"G"	"C"	"G"	"1|0"
"chr12"	9833628	"CLEC2D"	"rs3764021"	"C"	"T"	"C"	"T"	"1|0"
"chr12"	9848883	"CLEC2D"	"rs2894"	"A"	"G"	"G"	"A"	"0|1"
"chr12"	21639421	"RECQL"	"rs73082680"	"T"	"A"	"T"	"A"	"1|0"
"chr12"	21654469	"RECQL"	"rs1061626"	"T"	"G"	"T"	"G"	"1|0"
"chr12"	21670020	"GOLT1B"	"rs73079387"	"A"	"C"	"C"	"A"	"0|1"
"chr12"	21670410	"GOLT1B"	"rs10770819"	"C"	"A"	"C"	"A"	"1|0"
"chr12"	22840092	"ETNK1"	"rs3741784"	"A"	"G"	"A"	"G"	"1|0"
"chr12"	22841304	"ETNK1"	"rs73082506"	"C"	"T"	"C"	"T"	"1|0"
"chr12"	22841360	"ETNK1"	"rs73082509"	"A"	"C"	"A"	"C"	"1|0"
"chr12"	22842778	"ETNK1"	"rs16925301"	"A"	"G"	"A"	"G"	"1|0"
"chr12"	24965636	"BCAT1"	"rs10842409"	"T"	"C"	"C"	"T"	"0|1"
"chr12"	24965640	"BCAT1"	"rs11047651"	"T"	"C"	"T"	"C"	"1|0"
"chr12"	24965708	"BCAT1"	"rs11047652"	"T"	"C"	"C"	"T"	"0|1"
"chr12"	25358828	"KRAS"	"rs12587"	"T"	"G"	"T"	"G"	"1|0"
"chr12"	25358943	"KRAS"	"rs8720"	"T"	"C"	"T"	"C"	"1|0"
"chr12"	26489544	"ITPR2"	"rs1049380"	"G"	"T"	"T"	"G"	"0|1"
"chr12"	26490090	"ITPR2"	"rs8311"	"A"	"C"	"C"	"A"	"0|1"
"chr12"	26490155	"ITPR2"	"rs4654"	"C"	"T"	"T"	"C"	"0|1"
"chr12"	26809412	"ITPR2"	"rs2230378"	"T"	"G"	"T"	"G"	"1|0"
"chr12"	26811045	"ITPR2"	"rs12313993"	"T"	"C"	"C"	"T"	"0|1"
"chr12"	32134064	"KIAA1551"	"rs7298803"	"A"	"G"	"A"	"G"	"1|0"
"chr12"	32134240	"KIAA1551"	"rs2388982"	"C"	"T"	"C"	"T"	"1|0"
"chr12"	57489648	"STAT6"	"rs4559"	"C"	"T"	"C"	"T"	"1|0"
"chr12"	57489828	"STAT6"	"rs703817"	"C"	"T"	"C"	"T"	"1|0"
"chr12"	67706466	"CAND1"	"rs1060350"	"G"	"A"	"G"	"A"	"1|0"
"chr12"	67707441	"CAND1"	"rs1137465"	"A"	"G"	"A"	"G"	"1|0"
"chr12"	69082805	"NUP107"	"rs2259588"	"G"	"A"	"G"	"A"	"1|0"
"chr12"	69115698	"NUP107"	"rs17851475"	"G"	"A"	"G"	"A"	"1|0"
"chr12"	75884254	"GLIPR1"	"rs28932170"	"C"	"T"	"C"	"T"	"1|0"
"chr12"	75893399	"GLIPR1"	"rs1056904"	"T"	"G"	"T"	"G"	"1|0"
"chr12"	93166538	"EEA1"	"rs10735304"	"A"	"G"	"G"	"A"	"0|1"
"chr12"	93167435	"EEA1"	"rs17194416"	"G"	"C"	"G"	"C"	"1|0"
"chr12"	108916677	"SART3"	"rs703691"	"T"	"G"	"T"	"G"	"1|0"
"chr12"	108917161	"SART3"	"rs12833341"	"G"	"T"	"T"	"G"	"0|1"
"chr12"	109039794	"CORO1C"	"rs2111212"	"A"	"C"	"A"	"C"	"1|0"
"chr12"	109039869	"CORO1C"	"rs2111211"	"T"	"C"	"T"	"C"	"1|0"
"chr12"	109886603	"KCTD10"	"rs6663"	"G"	"A"	"G"	"A"	"1|0"
"chr12"	109887525	"KCTD10"	"rs73194266"	"C"	"T"	"T"	"C"	"0|1"
"chr12"	110289501	"GLTP"	"rs7304559"	"T"	"G"	"T"	"G"	"1|0"
"chr12"	110290073	"GLTP"	"rs1055794"	"G"	"A"	"G"	"A"	"1|0"
"chr12"	111158161	"PPP1CC"	"rs1050587"	"T"	"C"	"T"	"C"	"1|0"
"chr12"	111160003	"PPP1CC"	"rs1973505"	"G"	"A"	"G"	"A"	"1|0"
"chr12"	120941215	"COQ5"	"rs7471"	"T"	"C"	"T"	"C"	"1|0"
"chr12"	120966921	"COQ5"	"rs3742052"	"A"	"G"	"A"	"G"	"1|0"
"chr12"	121134537	"MLEC"	"rs55993251"	"C"	"T"	"T"	"C"	"0|1"
"chr12"	121134572	"MLEC"	"rs73225027"	"T"	"C"	"T"	"C"	"1|0"
"chr12"	121135508	"MLEC"	"rs10849778"	"G"	"A"	"A"	"G"	"0|1"
"chr12"	121139388	"MLEC"	"rs8295"	"C"	"T"	"C"	"T"	"1|0"
"chr12"	123777815	"SBNO1"	"rs10846506"	"G"	"T"	"T"	"G"	"0|1"
"chr12"	123806219	"SBNO1"	"rs1060105"	"C"	"T"	"C"	"T"	"1|0"
"chr12"	123825559	"SBNO1"	"rs12322888"	"C"	"T"	"C"	"T"	"1|0"
"chr12"	123892934	"SETD8"	"rs6576"	"G"	"T"	"G"	"T"	"1|0"
"chr12"	123893322	"SETD8"	"rs73216932"	"C"	"T"	"T"	"C"	"0|1"
"chr12"	123893830	"SETD8"	"rs10677"	"C"	"T"	"T"	"C"	"0|1"
"chr12"	124105839	"EIF2B1"	"rs9919"	"T"	"C"	"T"	"C"	"1|0"
"chr12"	124105908	"EIF2B1"	"rs1050449"	"A"	"G"	"A"	"G"	"1|0"
"chr12"	124105925	"EIF2B1"	"rs1050448"	"G"	"A"	"G"	"A"	"1|0"
"chr12"	124105948	"EIF2B1"	"rs1050443"	"C"	"T"	"C"	"T"	"1|0"
"chr12"	125510954	"DL490908"	"rs66836373"	"A"	"G"	"A"	"G"	"1|0"
"chr12"	125511184	"DL490908"	"rs67625612"	"T"	"C"	"T"	"C"	"1|0"
"chr12"	125511207	"DL490908"	"rs7304738"	"A"	"G"	"A"	"G"	"1|0"
"chr12"	125627053	"AACS"	"rs11058046"	"C"	"T"	"T"	"C"	"0|1"
"chr12"	125627187	"AACS"	"rs11549082"	"C"	"T"	"C"	"T"	"1|0"
"chr13"	21722557	"SAP18"	"rs3088071"	"A"	"G"	"A"	"G"	"1|0"
"chr13"	21722643	"SAP18"	"rs1046537"	"C"	"T"	"C"	"T"	"1|0"
"chr13"	25023936	"PARP4"	"rs9581043"	"C"	"T"	"C"	"T"	"1|0"
"chr13"	25029218	"PARP4"	"rs2275660"	"C"	"T"	"T"	"C"	"0|1"
"chr13"	25029295	"PARP4"	"rs7140044"	"C"	"T"	"C"	"T"	"1|0"
"chr13"	25033200	"PARP4"	"rs1130941"	"T"	"A"	"T"	"A"	"1|0"
"chr13"	25033227	"PARP4"	"rs1050107"	"A"	"G"	"A"	"G"	"1|0"
"chr13"	25060313	"PARP4"	"rs73154350"	"A"	"G"	"A"	"G"	"1|0"
"chr13"	25068808	"PARP4"	"rs9318600"	"A"	"T"	"A"	"T"	"1|0"
"chr13"	25074490	"PARP4"	"rs9578751"	"C"	"T"	"C"	"T"	"1|0"
"chr13"	26787085	"RNF6"	"rs1830"	"A"	"G"	"A"	"G"	"1|0"
"chr13"	26788114	"RNF6"	"rs301047"	"A"	"G"	"G"	"A"	"0|1"
"chr13"	28239940	"POLR1D"	"rs11029"	"G"	"C"	"G"	"C"	"1|0"
"chr13"	28239970	"POLR1D"	"rs14105"	"G"	"A"	"G"	"A"	"1|0"
"chr13"	28240828	"POLR1D"	"rs14144"	"A"	"G"	"A"	"G"	"1|0"
"chr13"	28241061	"POLR1D"	"rs11149483"	"T"	"C"	"T"	"C"	"1|0"
"chr13"	46700642	"LCP1"	"rs11342"	"G"	"T"	"G"	"T"	"1|0"
"chr13"	46701233	"LCP1"	"rs1409430"	"A"	"T"	"A"	"T"	"1|0"
"chr13"	46708291	"LCP1"	"rs4941543"	"T"	"C"	"T"	"C"	"1|0"
"chr13"	46917428	"KIAA0226L"	"rs41284169"	"C"	"A"	"C"	"A"	"1|0"
"chr13"	46917469	"KIAA0226L"	"rs2478046"	"G"	"A"	"G"	"A"	"1|0"
"chr13"	46946157	"KIAA0226L"	"rs1408184"	"C"	"T"	"C"	"T"	"1|0"
"chr13"	50273603	"KPNA3"	"rs3720"	"A"	"G"	"G"	"A"	"0|1"
"chr13"	50275515	"KPNA3"	"rs7446"	"C"	"T"	"C"	"T"	"1|0"
"chr13"	50489083	"SPRYD7"	"rs1063183"	"A"	"G"	"A"	"G"	"1|0"
"chr13"	50510401	"SPRYD7"	"rs1063181"	"C"	"G"	"C"	"G"	"1|0"
"chr13"	53217035	"HNRNPA1L2"	"rs9536211"	"C"	"A"	"C"	"A"	"1|0"
"chr13"	53217493	"HNRNPA1L2"	"rs78872760"	"A"	"G"	"A"	"G"	"1|0"
"chr13"	77574983	"CLN5"	"rs1800209"	"A"	"G"	"A"	"G"	"1|0"
"chr13"	77575396	"CLN5"	"rs700363"	"G"	"A"	"G"	"A"	"1|0"
"chr13"	99105302	"STK24"	"rs12463"	"G"	"A"	"G"	"A"	"1|0"
"chr13"	99105389	"STK24"	"rs72652256"	"A"	"C"	"C"	"A"	"0|1"
"chr13"	99105395	"STK24"	"rs8481"	"G"	"A"	"G"	"A"	"1|0"
"chr13"	99948097	"GPR183"	"rs2230343"	"A"	"G"	"A"	"G"	"1|0"
"chr13"	99948178	"GPR183"	"rs2230342"	"C"	"A"	"C"	"A"	"1|0"
"chr14"	20916958	"OSGEP"	"rs938883"	"T"	"C"	"T"	"C"	"1|0"
"chr14"	20920250	"OSGEP"	"rs2275007"	"T"	"C"	"T"	"C"	"1|0"
"chr14"	23020638	"TCRA"	"rs15795"	"T"	"C"	"T"	"C"	"1|0"
"chr14"	23021039	"TCRA"	"rs9125"	"G"	"A"	"A"	"G"	"0|1"
"chr14"	23033990	"DAD1"	"rs1803479"	"T"	"C"	"T"	"C"	"1|0"
"chr14"	23034026	"DAD1"	"rs14752"	"C"	"G"	"C"	"G"	"1|0"
"chr14"	23303918	"MRPL52"	"rs111561410"	"G"	"A"	"G"	"A"	"1|0"
"chr14"	23304094	"MRPL52"	"rs3751488"	"G"	"A"	"A"	"G"	"0|1"
"chr14"	23370197	"RBM23"	"rs7469"	"G"	"A"	"A"	"G"	"0|1"
"chr14"	23374435	"RBM23"	"rs2295680"	"G"	"A"	"G"	"A"	"1|0"
"chr14"	23374862	"RBM23"	"rs2295682"	"C"	"T"	"C"	"T"	"1|0"
"chr14"	23388326	"RBM23"	"rs1951119"	"A"	"C"	"A"	"C"	"1|0"
"chr14"	23567369	"C14orf119"	"rs12400"	"C"	"T"	"C"	"T"	"1|0"
"chr14"	23567774	"C14orf119"	"rs6736"	"T"	"A"	"A"	"T"	"0|1"
"chr14"	51716188	"TMX1"	"rs7161242"	"T"	"G"	"T"	"G"	"1|0"
"chr14"	51716467	"TMX1"	"rs7160810"	"G"	"A"	"G"	"A"	"1|0"
"chr14"	51723079	"TMX1"	"rs12587080"	"A"	"C"	"A"	"C"	"1|0"
"chr14"	51723138	"TMX1"	"rs12589680"	"T"	"C"	"T"	"C"	"1|0"
"chr14"	51723879	"TMX1"	"rs61987261"	"G"	"A"	"G"	"A"	"1|0"
"chr14"	65399255	"CHURC1"	"rs1127968"	"G"	"C"	"G"	"C"	"1|0"
"chr14"	65399263	"CHURC1"	"rs8943"	"A"	"G"	"A"	"G"	"1|0"
"chr14"	65399306	"CHURC1"	"rs8984"	"G"	"A"	"G"	"A"	"1|0"
"chr14"	65542067	"MAX"	"rs4902357"	"C"	"G"	"C"	"G"	"1|0"
"chr14"	65542477	"MAX"	"rs4902358"	"A"	"G"	"A"	"G"	"1|0"
"chr14"	65542607	"MAX"	"rs1957949"	"C"	"T"	"C"	"T"	"1|0"
"chr14"	65542629	"MAX"	"rs1957948"	"C"	"T"	"C"	"T"	"1|0"
"chr14"	74666225	"LIN52"	"rs45569432"	"T"	"C"	"T"	"C"	"1|0"
"chr14"	74666641	"LIN52"	"rs887595"	"A"	"G"	"G"	"A"	"0|1"
"chr14"	74666800	"LIN52"	"rs62006794"	"A"	"G"	"A"	"G"	"1|0"
"chr14"	74666824	"LIN52"	"rs1972565"	"A"	"G"	"G"	"A"	"0|1"
"chr14"	78139988	"ALKBH1"	"rs1048147"	"C"	"A"	"C"	"A"	"1|0"
"chr14"	78140329	"ALKBH1"	"rs6493"	"G"	"A"	"A"	"G"	"0|1"
"chr14"	78140355	"ALKBH1"	"rs6494"	"T"	"A"	"A"	"T"	"0|1"
"chr14"	91923988	"SMEK1"	"rs10329"	"C"	"A"	"C"	"A"	"1|0"
"chr14"	91941141	"SMEK1"	"rs11625753"	"T"	"C"	"C"	"T"	"0|1"
"chr14"	97299853	"VRK1"	"rs2145635"	"A"	"G"	"G"	"A"	"0|1"
"chr14"	97321689	"VRK1"	"rs2230532"	"C"	"T"	"C"	"T"	"1|0"
"chr15"	40845952	"C15orf57"	"rs1044474"	"A"	"G"	"A"	"G"	"1|0"
"chr15"	40855210	"C15orf57"	"rs10152546"	"T"	"A"	"T"	"A"	"1|0"
"chr15"	41689166	"NDUFAF1"	"rs3204853"	"C"	"A"	"C"	"A"	"1|0"
"chr15"	41689232	"NDUFAF1"	"rs1899"	"C"	"T"	"C"	"T"	"1|0"
"chr15"	42191909	"EHD4"	"rs1048175"	"C"	"G"	"C"	"G"	"1|0"
"chr15"	42192040	"EHD4"	"rs1048166"	"T"	"C"	"T"	"C"	"1|0"
"chr15"	43622916	"ADAL"	"rs3742971"	"C"	"T"	"C"	"T"	"1|0"
"chr15"	43624189	"ADAL"	"rs1549523"	"C"	"T"	"C"	"T"	"1|0"
"chr15"	52202980	"AF188711"	"rs1135871"	"T"	"G"	"T"	"G"	"1|0"
"chr15"	52203664	"AF188711"	"rs2433221"	"A"	"C"	"A"	"C"	"1|0"
"chr15"	52203813	"AF188711"	"rs11049"	"A"	"G"	"A"	"G"	"1|0"
"chr15"	59931131	"GTF2A2"	"rs4232"	"A"	"G"	"A"	"G"	"1|0"
"chr15"	59949625	"GTF2A2"	"rs7164756"	"T"	"G"	"T"	"G"	"1|0"
"chr15"	59955524	"BNIP2"	"rs1057062"	"C"	"G"	"C"	"G"	"1|0"
"chr15"	59955651	"BNIP2"	"rs2306355"	"A"	"G"	"G"	"A"	"0|1"
"chr15"	59955668	"BNIP2"	"rs1057059"	"A"	"C"	"A"	"C"	"1|0"
"chr15"	63445764	"RPS27L"	"rs28434769"	"T"	"C"	"T"	"C"	"1|0"
"chr15"	63445872	"RPS27L"	"rs28542166"	"C"	"T"	"C"	"T"	"1|0"
"chr15"	65255472	"SPG21"	"rs72740671"	"G"	"A"	"G"	"A"	"1|0"
"chr15"	65255704	"SPG21"	"rs7322"	"C"	"T"	"C"	"T"	"1|0"
"chr15"	66629394	"TIPIN"	"rs34848112"	"T"	"C"	"T"	"C"	"1|0"
"chr15"	66629403	"TIPIN"	"rs3759786"	"C"	"A"	"A"	"C"	"0|1"
"chr15"	66641417	"TIPIN"	"rs11856320"	"T"	"C"	"T"	"C"	"1|0"
"chr15"	66840985	"ZWILCH"	"rs11858742"	"A"	"C"	"A"	"C"	"1|0"
"chr15"	66841033	"ZWILCH"	"rs11071898"	"G"	"A"	"G"	"A"	"1|0"
"chr15"	80260014	"BCL2A1"	"rs8026803"	"T"	"C"	"T"	"C"	"1|0"
"chr15"	80263217	"BCL2A1"	"rs3826007"	"C"	"T"	"C"	"T"	"1|0"
"chr15"	80263345	"BCL2A1"	"rs1138358"	"A"	"C"	"A"	"C"	"1|0"
"chr15"	80263406	"BCL2A1"	"rs1138357"	"C"	"T"	"C"	"T"	"1|0"
"chr15"	81598269	"IL16"	"rs11556218"	"T"	"G"	"T"	"G"	"1|0"
"chr15"	81598416	"IL16"	"rs1803275"	"G"	"A"	"G"	"A"	"1|0"
"chr15"	89804043	"FANCI"	"rs17803620"	"C"	"T"	"C"	"T"	"1|0"
"chr15"	89817440	"FANCI"	"rs72762644"	"G"	"A"	"G"	"A"	"1|0"
"chr15"	89836228	"FANCI"	"rs2283432"	"G"	"C"	"G"	"C"	"1|0"
"chr15"	89858602	"FANCI"	"rs1138465"	"T"	"C"	"T"	"C"	"1|0"
"chr15"	89860350	"FANCI"	"rs1061316"	"A"	"C"	"A"	"C"	"1|0"
"chr15"	91010776	"IQGAP1"	"rs1505936"	"T"	"C"	"C"	"T"	"0|1"
"chr15"	91043765	"IQGAP1"	"rs11609"	"C"	"G"	"G"	"C"	"0|1"
"chr15"	91045408	"IQGAP1"	"rs3540"	"G"	"A"	"G"	"A"	"1|0"
"chr15"	91045419	"IQGAP1"	"rs3539"	"G"	"T"	"T"	"G"	"0|1"
"chr16"	1859150	"HAGH"	"rs1057071"	"G"	"A"	"G"	"A"	"1|0"
"chr16"	1859153	"HAGH"	"rs1057070"	"T"	"C"	"T"	"C"	"1|0"
"chr16"	1878492	"FAHD1"	"rs1065583"	"G"	"A"	"G"	"A"	"1|0"
"chr16"	1878521	"FAHD1"	"rs1065584"	"C"	"G"	"C"	"G"	"1|0"
"chr16"	1878597	"FAHD1"	"rs1065585"	"T"	"C"	"T"	"C"	"1|0"
"chr16"	1878641	"FAHD1"	"rs1065586"	"A"	"C"	"A"	"C"	"1|0"
"chr16"	1878740	"FAHD1"	"rs1065587"	"A"	"G"	"A"	"G"	"1|0"
"chr16"	1878801	"FAHD1"	"rs1065589"	"G"	"T"	"G"	"T"	"1|0"
"chr16"	2014528	"RPS2"	"rs1058996"	"G"	"A"	"G"	"A"	"1|0"
"chr16"	2014591	"RPS2"	"rs1141684"	"C"	"T"	"C"	"T"	"1|0"
"chr16"	2015121	"SNHG9"	"rs1133099"	"C"	"T"	"C"	"T"	"1|0"
"chr16"	2015432	"SNHG9"	"rs1054002"	"C"	"T"	"C"	"T"	"1|0"
"chr16"	2015477	"SNHG9"	"rs1054003"	"C"	"T"	"C"	"T"	"1|0"
"chr16"	3181963	"BC013599"	"rs1053871"	"T"	"C"	"T"	"C"	"1|0"
"chr16"	3181996	"BC013599"	"rs11649450"	"G"	"A"	"G"	"A"	"1|0"
"chr16"	5139217	"FAM86A"	"rs9745857"	"C"	"G"	"C"	"G"	"1|0"
"chr16"	5140561	"FAM86A"	"rs9673770"	"C"	"T"	"C"	"T"	"1|0"
"chr16"	5145474	"FAM86A"	"rs7192650"	"C"	"T"	"C"	"T"	"1|0"
"chr16"	8889533	"TMEM186"	"rs1864"	"T"	"C"	"T"	"C"	"1|0"
"chr16"	8889628	"TMEM186"	"rs12049"	"T"	"C"	"C"	"T"	"0|1"
"chr16"	8942050	"PMM2"	"rs72766379"	"C"	"G"	"C"	"G"	"1|0"
"chr16"	8942679	"PMM2"	"rs1056898"	"A"	"G"	"G"	"A"	"0|1"
"chr16"	8943042	"PMM2"	"rs72766381"	"C"	"T"	"T"	"C"	"0|1"
"chr16"	13333322	"SHISA9"	"rs202142648"	"T"	"A"	"T"	"A"	"1|0"
"chr16"	13333342	"SHISA9"	"rs370143816"	"C"	"T"	"C"	"T"	"1|0"
"chr16"	20745255	"THUMPD1"	"rs1058905"	"A"	"C"	"A"	"C"	"1|0"
"chr16"	20745277	"THUMPD1"	"rs1058904"	"C"	"T"	"C"	"T"	"1|0"
"chr16"	56510299	"OGFOD1"	"rs14306"	"A"	"C"	"A"	"C"	"1|0"
"chr16"	56510601	"OGFOD1"	"rs7198524"	"C"	"T"	"C"	"T"	"1|0"
"chr16"	56643343	"MT2A"	"rs10636"	"G"	"C"	"G"	"C"	"1|0"
"chr16"	56643404	"MT2A"	"rs35577047"	"A"	"C"	"A"	"C"	"1|0"
"chr16"	57397449	"CCL22"	"rs2229161"	"C"	"T"	"C"	"T"	"1|0"
"chr16"	57398500	"CCL22"	"rs141775982"	"C"	"T"	"C"	"T"	"1|0"
"chr16"	57399638	"CCL22"	"rs658559"	"G"	"A"	"A"	"G"	"0|1"
"chr16"	58194326	"BC053935"	"rs4784901"	"A"	"G"	"A"	"G"	"1|0"
"chr16"	58194926	"BC053935"	"rs37358"	"C"	"T"	"T"	"C"	"0|1"
"chr16"	58195632	"BC053935"	"rs3803585"	"G"	"A"	"G"	"A"	"1|0"
"chr16"	58195998	"BC053935"	"rs3803584"	"G"	"T"	"G"	"T"	"1|0"
"chr16"	69375658	"NIP7"	"rs8053850"	"G"	"A"	"G"	"A"	"1|0"
"chr16"	69375841	"NIP7"	"rs8053896"	"C"	"T"	"C"	"T"	"1|0"
"chr16"	69376150	"NIP7"	"rs58641063"	"A"	"G"	"A"	"G"	"1|0"
"chr16"	69376287	"NIP7"	"rs148249150"	"T"	"C"	"T"	"C"	"1|0"
"chr16"	69376686	"NIP7"	"rs1048818"	"C"	"T"	"C"	"T"	"1|0"
"chr16"	70569215	"SF3B3"	"rs33910368"	"A"	"T"	"A"	"T"	"1|0"
"chr16"	70602221	"SF3B3"	"rs12909"	"C"	"T"	"C"	"T"	"1|0"
"chr16"	71678932	"KIAA0931"	"rs8203"	"T"	"C"	"T"	"C"	"1|0"
"chr16"	71679057	"KIAA0931"	"rs1058750"	"C"	"T"	"C"	"T"	"1|0"
"chr16"	81888152	"PLCG2"	"rs1143686"	"A"	"G"	"A"	"G"	"1|0"
"chr16"	81929488	"PLCG2"	"rs1143688"	"C"	"T"	"T"	"C"	"0|1"
"chr16"	81941319	"PLCG2"	"rs1143689"	"C"	"T"	"T"	"C"	"0|1"
"chr16"	81942028	"PLCG2"	"rs72824905"	"C"	"G"	"G"	"C"	"0|1"
"chr16"	81971403	"PLCG2"	"rs1071644"	"T"	"C"	"T"	"C"	"1|0"
"chr17"	6547653	"MED31"	"rs12150422"	"G"	"T"	"G"	"T"	"1|0"
"chr17"	6547766	"MED31"	"rs11078641"	"G"	"C"	"G"	"C"	"1|0"
"chr17"	8706451	"PIK3R6"	"rs2242375"	"T"	"C"	"T"	"C"	"1|0"
"chr17"	8706496	"PIK3R6"	"rs28537446"	"C"	"T"	"C"	"T"	"1|0"
"chr17"	15621553	"ZNF286A"	"rs4054360"	"C"	"T"	"C"	"T"	"1|0"
"chr17"	15621675	"ZNF286A"	"rs4054361"	"T"	"C"	"C"	"T"	"0|1"
"chr17"	18709202	"TVP23B"	"rs1043628"	"T"	"C"	"C"	"T"	"0|1"
"chr17"	18709578	"TVP23B"	"rs10886"	"A"	"G"	"A"	"G"	"1|0"
"chr17"	18834137	"PRPSAP2"	"rs35611268"	"A"	"T"	"A"	"T"	"1|0"
"chr17"	18834258	"PRPSAP2"	"rs6846"	"G"	"T"	"G"	"T"	"1|0"
"chr17"	27185827	"ERAL1"	"rs2242345"	"C"	"T"	"C"	"T"	"1|0"
"chr17"	27187636	"ERAL1"	"rs9279"	"G"	"T"	"G"	"T"	"1|0"
"chr17"	27187789	"ERAL1"	"rs6803"	"C"	"T"	"C"	"T"	"1|0"
"chr17"	27207120	"FLOT2"	"rs10205"	"G"	"A"	"G"	"A"	"1|0"
"chr17"	27207453	"FLOT2"	"rs1060247"	"G"	"A"	"A"	"G"	"0|1"
"chr17"	27207571	"FLOT2"	"rs1060244"	"C"	"T"	"C"	"T"	"1|0"
"chr17"	30222002	"UTP6"	"rs3760454"	"T"	"C"	"T"	"C"	"1|0"
"chr17"	30228656	"UTP6"	"rs2074101"	"G"	"A"	"A"	"G"	"0|1"
"chr17"	30326360	"SUZ12"	"rs15654"	"A"	"C"	"A"	"C"	"1|0"
"chr17"	30326827	"SUZ12"	"rs537166"	"C"	"T"	"C"	"T"	"1|0"
"chr17"	30327013	"SUZ12"	"rs550923"	"G"	"C"	"G"	"C"	"1|0"
"chr17"	33336914	"RAD51L3-RFFL"	"rs3744358"	"T"	"G"	"G"	"T"	"0|1"
"chr17"	33337411	"RAD51L3-RFFL"	"rs1859248"	"G"	"A"	"G"	"A"	"1|0"
"chr17"	43101281	"DCAKD"	"rs7225735"	"A"	"C"	"A"	"C"	"1|0"
"chr17"	43101382	"DCAKD"	"rs7225329"	"C"	"T"	"C"	"T"	"1|0"
"chr17"	43176804	"NMT1"	"rs2239923"	"C"	"T"	"C"	"T"	"1|0"
"chr17"	43183028	"NMT1"	"rs1053733"	"G"	"A"	"G"	"A"	"1|0"
"chr17"	43183108	"NMT1"	"rs1053739"	"G"	"A"	"G"	"A"	"1|0"
"chr17"	45900968	"MRPL10"	"rs17035"	"A"	"T"	"A"	"T"	"1|0"
"chr17"	45901123	"MRPL10"	"rs3209"	"T"	"C"	"T"	"C"	"1|0"
"chr17"	45901378	"MRPL10"	"rs11538867"	"G"	"A"	"G"	"A"	"1|0"
"chr17"	45901480	"MRPL10"	"rs701984"	"C"	"T"	"T"	"C"	"0|1"
"chr17"	45904420	"MRPL10"	"rs11538868"	"C"	"T"	"C"	"T"	"1|0"
"chr17"	46020698	"PNPO"	"rs11079804"	"C"	"T"	"C"	"T"	"1|0"
"chr17"	46024660	"PNPO"	"rs7220104"	"A"	"C"	"C"	"A"	"0|1"
"chr17"	46147807	"CBX1"	"rs6847"	"T"	"A"	"A"	"T"	"0|1"
"chr17"	46147945	"CBX1"	"rs8438"	"G"	"A"	"G"	"A"	"1|0"
"chr17"	49231623	"NME1"	"rs34431255"	"C"	"G"	"C"	"G"	"1|0"
"chr17"	49231627	"NME1"	"rs11556835"	"G"	"A"	"G"	"A"	"1|0"
"chr17"	57280952	"PRR11"	"rs67659260"	"A"	"G"	"A"	"G"	"1|0"
"chr17"	57281310	"PRR11"	"rs2877946"	"G"	"T"	"G"	"T"	"1|0"
"chr17"	57281629	"PRR11"	"rs2333462"	"T"	"C"	"T"	"C"	"1|0"
"chr17"	57281921	"PRR11"	"rs12449518"	"T"	"C"	"T"	"C"	"1|0"
"chr17"	57282571	"PRR11"	"rs3087593"	"G"	"A"	"G"	"A"	"1|0"
"chr17"	61896455	"DDX42"	"rs1062790"	"A"	"G"	"A"	"G"	"1|0"
"chr17"	61896487	"DDX42"	"rs1062791"	"C"	"T"	"C"	"T"	"1|0"
"chr17"	61901197	"FTSJ3"	"rs2727288"	"T"	"A"	"T"	"A"	"1|0"
"chr17"	61903445	"FTSJ3"	"rs2584625"	"G"	"C"	"G"	"C"	"1|0"
"chr17"	61908271	"PSMC5"	"rs968719"	"C"	"T"	"C"	"T"	"1|0"
"chr17"	61908556	"PSMC5"	"rs13030"	"C"	"T"	"C"	"T"	"1|0"
"chr17"	62006497	"CD79B"	"rs1051684"	"A"	"G"	"A"	"G"	"1|0"
"chr17"	62007498	"CD79B"	"rs2070776"	"A"	"G"	"A"	"G"	"1|0"
"chr17"	66246416	"AMZ2"	"rs3213690"	"A"	"G"	"A"	"G"	"1|0"
"chr17"	66253095	"AMZ2"	"rs7105"	"T"	"A"	"T"	"A"	"1|0"
"chr17"	70642742	"SLC39A11"	"rs1126967"	"T"	"C"	"T"	"C"	"1|0"
"chr17"	70642923	"SLC39A11"	"rs17780256"	"A"	"C"	"A"	"C"	"1|0"
"chr17"	72469966	"CD300A"	"rs2272111"	"G"	"A"	"A"	"G"	"0|1"
"chr17"	72480505	"CD300A"	"rs1044282"	"A"	"G"	"A"	"G"	"1|0"
"chr17"	76170830	"TK1"	"rs1065768"	"C"	"T"	"C"	"T"	"1|0"
"chr17"	76178748	"TK1"	"rs1143697"	"T"	"C"	"T"	"C"	"1|0"
"chr17"	76178751	"TK1"	"rs1143696"	"C"	"T"	"C"	"T"	"1|0"
"chr17"	76210367	"BIRC5"	"rs9904341"	"G"	"C"	"G"	"C"	"1|0"
"chr17"	76221370	"BIRC5"	"rs1042541"	"A"	"G"	"G"	"A"	"0|1"
"chr17"	76221428	"BIRC5"	"rs1042542"	"T"	"C"	"C"	"T"	"0|1"
"chr17"	76420393	"PGS1"	"rs55973973"	"G"	"A"	"G"	"A"	"1|0"
"chr17"	76420437	"PGS1"	"rs56246296"	"T"	"A"	"T"	"A"	"1|0"
"chr18"	10551099	"NAPG"	"rs72972844"	"T"	"A"	"T"	"A"	"1|0"
"chr18"	10551964	"NAPG"	"rs3790135"	"A"	"G"	"A"	"G"	"1|0"
"chr18"	10552472	"NAPG"	"rs9317"	"T"	"C"	"T"	"C"	"1|0"
"chr18"	21534701	"LAMA3"	"rs1051149"	"C"	"A"	"C"	"A"	"1|0"
"chr18"	21534703	"LAMA3"	"rs1051150"	"C"	"T"	"C"	"T"	"1|0"
"chr18"	33718326	"ELP2"	"rs1785934"	"A"	"C"	"A"	"C"	"1|0"
"chr18"	33725931	"ELP2"	"rs1785928"	"G"	"A"	"G"	"A"	"1|0"
"chr18"	33750046	"ELP2"	"rs8299"	"C"	"T"	"C"	"T"	"1|0"
"chr18"	44634291	"HDHD2"	"rs11872350"	"C"	"T"	"C"	"T"	"1|0"
"chr18"	44634314	"HDHD2"	"rs72905444"	"C"	"T"	"T"	"C"	"0|1"
"chr18"	44634904	"HDHD2"	"rs72905446"	"C"	"T"	"T"	"C"	"0|1"
"chr18"	56995920	"LMAN1"	"rs34753206"	"G"	"T"	"T"	"G"	"0|1"
"chr18"	56995938	"LMAN1"	"rs34679996"	"T"	"C"	"C"	"T"	"0|1"
"chr18"	56996108	"LMAN1"	"rs7236294"	"C"	"T"	"T"	"C"	"0|1"
"chr18"	56996262	"LMAN1"	"rs7239187"	"G"	"C"	"C"	"G"	"0|1"
"chr18"	56996526	"LMAN1"	"rs1043334"	"T"	"G"	"G"	"T"	"0|1"
"chr18"	57022754	"LMAN1"	"rs1127220"	"T"	"C"	"T"	"C"	"1|0"
"chr18"	57026361	"LMAN1"	"rs33926449"	"A"	"G"	"A"	"G"	"1|0"
"chr18"	77805856	"RBFA"	"rs3744872"	"A"	"C"	"C"	"A"	"0|1"
"chr18"	77805949	"RBFA"	"rs3744873"	"A"	"C"	"A"	"C"	"1|0"
"chr19"	1088285	"POLR2E"	"rs6843"	"T"	"C"	"T"	"C"	"1|0"
"chr19"	1095336	"POLR2E"	"rs1046041"	"C"	"T"	"T"	"C"	"0|1"
"chr19"	2072038	"MOB3A"	"rs8102231"	"T"	"C"	"T"	"C"	"1|0"
"chr19"	2072599	"MOB3A"	"rs4476281"	"G"	"A"	"G"	"A"	"1|0"
"chr19"	2072646	"MOB3A"	"rs4404194"	"T"	"C"	"T"	"C"	"1|0"
"chr19"	3762698	"MRPL54"	"rs13960"	"C"	"T"	"C"	"T"	"1|0"
"chr19"	3767265	"MRPL54"	"rs7239"	"C"	"T"	"C"	"T"	"1|0"
"chr19"	4236996	"EBI3"	"rs4740"	"G"	"A"	"G"	"A"	"1|0"
"chr19"	4237067	"EBI3"	"rs4905"	"A"	"G"	"A"	"G"	"1|0"
"chr19"	4237425	"EBI3"	"rs6613"	"A"	"T"	"A"	"T"	"1|0"
"chr19"	6940189	"EMR1"	"rs464849"	"G"	"C"	"G"	"C"	"1|0"
"chr19"	6940379	"EMR1"	"rs464056"	"A"	"G"	"A"	"G"	"1|0"
"chr19"	6940391	"EMR1"	"rs457749"	"A"	"C"	"A"	"C"	"1|0"
"chr19"	6940409	"EMR1"	"rs465241"	"T"	"C"	"T"	"C"	"1|0"
"chr19"	7112593	"INSR"	"rs1052371"	"G"	"A"	"G"	"A"	"1|0"
"chr19"	7112645	"INSR"	"rs12642"	"C"	"A"	"C"	"A"	"1|0"
"chr19"	7116283	"INSR"	"rs1051651"	"G"	"C"	"G"	"C"	"1|0"
"chr19"	7992052	"TIMM44"	"rs12976850"	"A"	"C"	"A"	"C"	"1|0"
"chr19"	7992126	"TIMM44"	"rs11542188"	"G"	"A"	"G"	"A"	"1|0"
"chr19"	11243160	"LDLR"	"rs17242683"	"G"	"A"	"G"	"A"	"1|0"
"chr19"	11243260	"LDLR"	"rs2978615"	"C"	"T"	"C"	"T"	"1|0"
"chr19"	11243328	"LDLR"	"rs1138805"	"C"	"G"	"C"	"G"	"1|0"
"chr19"	13008607	"GCDH"	"rs1060218"	"G"	"T"	"G"	"T"	"1|0"
"chr19"	13010520	"GCDH"	"rs8012"	"A"	"G"	"A"	"G"	"1|0"
"chr19"	13010643	"GCDH"	"rs9384"	"G"	"T"	"G"	"T"	"1|0"
"chr19"	16222738	"RAB8A"	"rs2233144"	"C"	"T"	"T"	"C"	"0|1"
"chr19"	16238279	"RAB8A"	"rs1043308"	"C"	"T"	"C"	"T"	"1|0"
"chr19"	17935626	"JAK3"	"rs11888"	"T"	"C"	"T"	"C"	"1|0"
"chr19"	17936259	"JAK3"	"rs73014967"	"G"	"A"	"G"	"A"	"1|0"
"chr19"	18285944	"IFI30"	"rs11554159"	"G"	"A"	"G"	"A"	"1|0"
"chr19"	18288069	"IFI30"	"rs7125"	"A"	"G"	"A"	"G"	"1|0"
"chr19"	33463245	"C19orf40"	"rs11084686"	"A"	"G"	"A"	"G"	"1|0"
"chr19"	33467357	"C19orf40"	"rs2304102"	"G"	"A"	"A"	"G"	"0|1"
"chr19"	33467413	"C19orf40"	"rs2304103"	"C"	"T"	"C"	"T"	"1|0"
"chr19"	33467515	"C19orf40"	"rs3816032"	"T"	"C"	"T"	"C"	"1|0"
"chr19"	36727365	"ZNF146"	"rs2070132"	"G"	"A"	"G"	"A"	"1|0"
"chr19"	36728290	"ZNF146"	"rs4806293"	"A"	"G"	"G"	"A"	"0|1"
"chr19"	39936502	"SUPT5H"	"rs1932"	"G"	"A"	"G"	"A"	"1|0"
"chr19"	39955533	"SUPT5H"	"rs2304217"	"G"	"A"	"G"	"A"	"1|0"
"chr19"	40946961	"SERTAD3"	"rs2368579"	"C"	"G"	"G"	"C"	"0|1"
"chr19"	40946980	"SERTAD3"	"rs7259255"	"C"	"T"	"C"	"T"	"1|0"
"chr19"	40947076	"SERTAD3"	"rs7259593"	"G"	"A"	"G"	"A"	"1|0"
"chr19"	40947448	"SERTAD3"	"rs2887292"	"A"	"G"	"A"	"G"	"1|0"
"chr19"	40947751	"SERTAD3"	"rs35314597"	"G"	"A"	"G"	"A"	"1|0"
"chr19"	49949589	"PIH1D1"	"rs1043263"	"A"	"T"	"A"	"T"	"1|0"
"chr19"	49950298	"PIH1D1"	"rs13394"	"C"	"T"	"C"	"T"	"1|0"
"chr19"	49950356	"PIH1D1"	"rs12443"	"C"	"G"	"C"	"G"	"1|0"
"chr19"	49954803	"PIH1D1"	"rs2293013"	"C"	"T"	"C"	"T"	"1|0"
"chr19"	49954807	"PIH1D1"	"rs2293012"	"T"	"G"	"T"	"G"	"1|0"
"chr19"	49955016	"PIH1D1"	"rs2293011"	"G"	"T"	"G"	"T"	"1|0"
"chr19"	50410550	"NUP62"	"rs8429"	"G"	"A"	"G"	"A"	"1|0"
"chr19"	50411012	"NUP62"	"rs1127729"	"C"	"T"	"T"	"C"	"0|1"
"chr19"	50411132	"NUP62"	"rs9523"	"T"	"C"	"T"	"C"	"1|0"
"chr19"	50412217	"NUP62"	"rs1062798"	"C"	"G"	"C"	"G"	"1|0"
"chr19"	51323473	"KLK1"	"rs5516"	"C"	"G"	"C"	"G"	"1|0"
"chr19"	51323501	"KLK1"	"rs1054713"	"A"	"G"	"A"	"G"	"1|0"
"chr19"	54677167	"MBOAT7"	"rs1050527"	"G"	"T"	"G"	"T"	"1|0"
"chr19"	54677189	"MBOAT7"	"rs8736"	"C"	"T"	"C"	"T"	"1|0"
"chr19"	54865423	"LAIR1"	"rs12608731"	"G"	"A"	"G"	"A"	"1|0"
"chr19"	54865454	"LAIR1"	"rs7248562"	"G"	"C"	"G"	"C"	"1|0"
"chr19"	54865491	"LAIR1"	"rs111398712"	"G"	"A"	"G"	"A"	"1|0"
"chr19"	54865499	"LAIR1"	"rs7248583"	"G"	"A"	"G"	"A"	"1|0"
"chr19"	54865503	"LAIR1"	"rs7248274"	"A"	"G"	"A"	"G"	"1|0"
"chr19"	54865629	"LAIR1"	"rs111919294"	"A"	"T"	"A"	"T"	"1|0"
"chr20"	1424303	"NSFL1C"	"rs6891"	"G"	"A"	"G"	"A"	"1|0"
"chr20"	1426393	"NSFL1C"	"rs9575"	"C"	"T"	"C"	"T"	"1|0"
"chr20"	2637071	"NOP56"	"rs8958"	"T"	"C"	"T"	"C"	"1|0"
"chr20"	2638579	"NOP56"	"rs6753"	"T"	"C"	"T"	"C"	"1|0"
"chr20"	2638882	"NOP56"	"rs5856"	"T"	"C"	"T"	"C"	"1|0"
"chr20"	54979035	"CSTF1"	"rs16979884"	"G"	"A"	"G"	"A"	"1|0"
"chr20"	54979171	"CSTF1"	"rs7806"	"C"	"T"	"C"	"T"	"1|0"
"chr21"	15745106	"HSPA13"	"rs2822638"	"C"	"T"	"C"	"T"	"1|0"
"chr21"	15745269	"HSPA13"	"rs12479"	"T"	"C"	"T"	"C"	"1|0"
"chr21"	15745390	"HSPA13"	"rs17208186"	"T"	"C"	"T"	"C"	"1|0"
"chr21"	38574018	"TTC3"	"rs1053984"	"C"	"T"	"C"	"T"	"1|0"
"chr21"	38574092	"TTC3"	"rs2835665"	"A"	"G"	"A"	"G"	"1|0"
"chr21"	38574680	"TTC3"	"rs9982"	"T"	"C"	"T"	"C"	"1|0"
"chr21"	44985272	"DQ577420"	"rs9637218"	"C"	"T"	"C"	"T"	"1|0"
"chr21"	44985473	"DQ577420"	"rs2838315"	"C"	"T"	"C"	"T"	"1|0"
"chr21"	46189286	"UBE2G2"	"rs2838676"	"G"	"C"	"C"	"G"	"0|1"
"chr21"	46189767	"UBE2G2"	"rs2838677"	"G"	"A"	"A"	"G"	"0|1"
"chr21"	46190182	"UBE2G2"	"rs235356"	"A"	"T"	"A"	"T"	"1|0"
"chr22"	30093246	"NF2"	"rs73159090"	"T"	"C"	"T"	"C"	"1|0"
"chr22"	30093259	"NF2"	"rs1034880"	"C"	"G"	"C"	"G"	"1|0"
"chr22"	30823196	"MTFP1"	"rs5753130"	"T"	"C"	"C"	"T"	"0|1"
"chr22"	30824755	"MTFP1"	"rs13058535"	"G"	"A"	"G"	"A"	"1|0"
"chr22"	32015406	"PISD"	"rs14034"	"T"	"C"	"T"	"C"	"1|0"
"chr22"	32015450	"PISD"	"rs9956"	"T"	"G"	"T"	"G"	"1|0"
"chr22"	32795641	"RTCB"	"rs5749426"	"C"	"T"	"C"	"T"	"1|0"
"chr22"	32804176	"RTCB"	"rs73168800"	"G"	"T"	"T"	"G"	"0|1"
"chr22"	32808078	"RTCB"	"rs11545749"	"G"	"A"	"G"	"A"	"1|0"
"chr22"	36863160	"TXN2"	"rs66477776"	"C"	"T"	"C"	"T"	"1|0"
"chr22"	36863247	"TXN2"	"rs73169629"	"A"	"C"	"C"	"A"	"0|1"
"chr22"	36863491	"TXN2"	"rs8141619"	"G"	"A"	"G"	"A"	"1|0"
"chr22"	36863705	"TXN2"	"rs73169631"	"C"	"T"	"C"	"T"	"1|0"
"chr22"	37621445	"RAC2"	"rs6572"	"C"	"G"	"G"	"C"	"0|1"
"chr22"	37621951	"RAC2"	"rs9610680"	"G"	"A"	"G"	"A"	"1|0"
"chr22"	37622815	"RAC2"	"rs1064498"	"A"	"G"	"A"	"G"	"1|0"
"chr22"	37637653	"RAC2"	"rs2239774"	"G"	"C"	"G"	"C"	"1|0"
"chr22"	41903813	"ACO2"	"rs137831"	"A"	"C"	"A"	"C"	"1|0"
"chr22"	41911525	"ACO2"	"rs1799932"	"C"	"T"	"T"	"C"	"0|1"
"chr22"	42070276	"NHP2L1"	"rs8779"	"T"	"C"	"T"	"C"	"1|0"
"chr22"	42070374	"NHP2L1"	"rs41311445"	"A"	"C"	"A"	"C"	"1|0"
"chr22"	44368204	"SAMM50"	"rs3177036"	"A"	"G"	"A"	"G"	"1|0"
"chr22"	44372632	"SAMM50"	"rs14315"	"C"	"T"	"C"	"T"	"1|0"
"chr22"	44379822	"SAMM50"	"rs10452"	"T"	"C"	"T"	"C"	"1|0"
"chr22"	44379838	"SAMM50"	"rs8418"	"A"	"G"	"A"	"G"	"1|0"
"chr22"	44586522	"PARVG"	"rs2272942"	"C"	"T"	"C"	"T"	"1|0"
"chr22"	44594584	"PARVG"	"rs139152"	"C"	"G"	"C"	"G"	"1|0"
"chr22"	50319079	"CRELD2"	"rs11545762"	"T"	"G"	"T"	"G"	"1|0"
"chr22"	50319170	"CRELD2"	"rs11545763"	"A"	"G"	"A"	"G"	"1|0"
"chr22"	50751529	"DENND6B"	"rs67248662"	"G"	"C"	"G"	"C"	"1|0"
"chr22"	50752150	"DENND6B"	"rs68178377"	"C"	"T"	"C"	"T"	"1|0"
"chrX"	1497644	"IL3RA"	"rs17883366"	"G"	"C"	"G"	"C"	"1|0"
"chrX"	1501471	"IL3RA"	"rs11480"	"C"	"T"	"C"	"T"	"1|0"
"chrX"	1508324	"SLC25A6"	"rs7205"	"G"	"A"	"G"	"A"	"1|0"
"chrX"	1508583	"SLC25A6"	"rs14005"	"T"	"C"	"T"	"C"	"1|0"
"chrX"	2632482	"CD99"	"rs17849631"	"C"	"T"	"C"	"T"	"1|0"
"chrX"	2656258	"CD99"	"rs35112869"	"G"	"A"	"G"	"A"	"1|0"
"chrX"	2659232	"CD99"	"rs6661"	"C"	"T"	"C"	"T"	"1|0"
"chrX"	13730787	"TRAPPC2"	"rs7716"	"G"	"C"	"G"	"C"	"1|0"
"chrX"	13731474	"TRAPPC2"	"rs5979952"	"A"	"G"	"A"	"G"	"1|0"
"chrX"	24232095	"ZFX"	"rs1042604"	"C"	"T"	"C"	"T"	"1|0"
"chrX"	24233489	"ZFX"	"rs5949212"	"A"	"G"	"A"	"G"	"1|0"
"chrX"	24233909	"ZFX"	"rs13679"	"A"	"T"	"A"	"T"	"1|0"
"chrX"	24559151	"PDK3"	"rs1209392"	"C"	"T"	"C"	"T"	"1|0"
"chrX"	24559271	"PDK3"	"rs1207610"	"A"	"G"	"A"	"G"	"1|0"
"chrX"	30577185	"CXorf21"	"rs2532873"	"G"	"C"	"G"	"C"	"1|0"
"chrX"	30577224	"CXorf21"	"rs2710402"	"C"	"T"	"C"	"T"	"1|0"
"chrX"	54836361	"MAGED2"	"rs1043031"	"A"	"G"	"A"	"G"	"1|0"
"chrX"	54836505	"MAGED2"	"rs1043034"	"A"	"G"	"A"	"G"	"1|0"
"chrX"	54837340	"MAGED2"	"rs1043044"	"C"	"T"	"C"	"T"	"1|0"
"chrX"	54838077	"MAGED2"	"rs2071932"	"C"	"T"	"C"	"T"	"1|0"
"chrX"	148560611	"IDS"	"rs5936291"	"G"	"A"	"G"	"A"	"1|0"
"chrX"	148560698	"IDS"	"rs5936292"	"G"	"A"	"G"	"A"	"1|0"
